Seller_address,Buyer_address,edge_value,Collection
0x00084121aec4309cb20db622a28c717720e888e0,0x96236adb640ec620a85898378375cedf03ca21ff,1,Cyberkongz
0x00084121aec4309cb20db622a28c717720e888e0,0xb810d1238dc5e5d664ebc5d19b0fd2c28d42968d,1,Cyberkongz
0x0008d343091ef8bd3efa730f6aae5a26a285c7a2,0x3eb39c50d4ecb5149ab71802f1f8e92f7a1280d1,1,Cyberkongz
0x0008d343091ef8bd3efa730f6aae5a26a285c7a2,0x4202c5aa18c934b96bc4aedb3da4593c44076618,1,Cyberkongz
0x0008d343091ef8bd3efa730f6aae5a26a285c7a2,0x5fd36a4a4bcfe5ea059706a6a09c26b62be4059a,1,Cyberkongz
0x0008d343091ef8bd3efa730f6aae5a26a285c7a2,0x6ed450e062c20f929cb7ee72fcc53e9697980a18,1,Cyberkongz
0x0008d343091ef8bd3efa730f6aae5a26a285c7a2,0x721931508df2764fd4f70c53da646cb8aed16ace,2,Cyberkongz
0x0008d343091ef8bd3efa730f6aae5a26a285c7a2,0x8ed5003d47e6b8a7024ef9cee90403ed786b151e,1,Cyberkongz
0x0008d343091ef8bd3efa730f6aae5a26a285c7a2,0xa2548e7ad6cee01eeb19d49bedb359aea3d8ad1d,10,Cyberkongz
0x0008d343091ef8bd3efa730f6aae5a26a285c7a2,0xc37cd5e34ef273f6aefe6900fc9d75563cdcfe03,4,Cyberkongz
0x0008d343091ef8bd3efa730f6aae5a26a285c7a2,0xe794fde22aac93e0071483bc814d73655d42bba3,1,Cyberkongz
0x0068e91105b0d2c52de69c6efb6329b66b1cdac5,0xa2548e7ad6cee01eeb19d49bedb359aea3d8ad1d,1,Cyberkongz
0x00f5fcb6ba6fc28e95ab9572f432d452292b66f4,0x0927661d9790d58087f045c2e84aa38024365a91,1,Cyberkongz
0x00f5fcb6ba6fc28e95ab9572f432d452292b66f4,0x0f8dcfff4f826c15601b62ac771d804699b3886c,1,Cyberkongz
0x010cea5688812eb04a1cdc259d679dc9fc3734ff,0x88923378021bea85f9b09ce571a309e12c7d2262,1,Cyberkongz
0x010cea5688812eb04a1cdc259d679dc9fc3734ff,0xd71a41ec000089ae99873afb4d15cc7d54dd95bc,1,Cyberkongz
0x02b31016fb9054d6fb622d214a77e568f2d723c5,0xd543a0be0684f0556786586b83f4c9fd16a4dc35,1,Cyberkongz
0x03009898ffd3361bb6b02b77d655f196ec82865e,0x793acdce9db7bc3269513652923d543b4818e817,1,Cyberkongz
0x0355e6d75261199fd78e1faba4e59bf6fe31dfe8,0x4202c5aa18c934b96bc4aedb3da4593c44076618,1,Cyberkongz
0x04613b96e9fc6b40bc795fff0bb5631c150ea5cb,0x26c1e466ce41070585d6876dc17b7bd9295c41d5,1,Cyberkongz
0x04613b96e9fc6b40bc795fff0bb5631c150ea5cb,0x62391b370a4761f7087f83d9d2c8d7bfa91036ab,1,Cyberkongz
0x04613b96e9fc6b40bc795fff0bb5631c150ea5cb,0xa2548e7ad6cee01eeb19d49bedb359aea3d8ad1d,2,Cyberkongz
0x04613b96e9fc6b40bc795fff0bb5631c150ea5cb,0xcc47fcbfdd6e558fb39cf5ef4d92e59890476b86,1,Cyberkongz
0x04bfb0034f24e424489f566f32d1f57647469f9e,0x24f05d116a8435ccc406cdf30c02394ae7a5b61f,1,Cyberkongz
0x04bfb0034f24e424489f566f32d1f57647469f9e,0xad9f11d1dd6d202243473a0cdae606308ab243b4,1,Cyberkongz
0x06ea4ddfb6b3195657d02ff93a91ab73fa168678,0xb4a90135a4d412cbf08a328b96a13ada3e07b7eb,1,Cyberkongz
0x074d4d7011c354e9cbbddf4e1862619e33f2df77,0x42a60d2f2ffa2150c568010a8d425f0aad284fd2,1,Cyberkongz
0x078b611bf67798456f5a0eafb0e23c567f66facc,0xa2548e7ad6cee01eeb19d49bedb359aea3d8ad1d,4,Cyberkongz
0x078b611bf67798456f5a0eafb0e23c567f66facc,0xa683c1b815997a7fa38f6178c84675fc4c79ac2b,3,Cyberkongz
0x078b611bf67798456f5a0eafb0e23c567f66facc,0xe436cbd3892c6dc3d6c8a3580153e6e0fa613cfc,1,Cyberkongz
0x082c99d47e020a00c95460d50a83338d509a0e3a,0x6b357e2cbae33cfb53ae9c136829d98def4a9561,1,Cyberkongz
0x082c99d47e020a00c95460d50a83338d509a0e3a,0xa2548e7ad6cee01eeb19d49bedb359aea3d8ad1d,1,Cyberkongz
0x08797952462b82db639ddbfdef2ab1718ffa7676,0x7c9d5f4313a413ea5eb4fa91ec58b5efd5034d47,1,Cyberkongz
0x08797952462b82db639ddbfdef2ab1718ffa7676,0xdebfc8c83deea6a17fb55ba4d603f6dd82e35440,1,Cyberkongz
0x0927661d9790d58087f045c2e84aa38024365a91,0xfeae8ec4afee29c939ca62749e2e6329c27d48ce,1,Cyberkongz
0x094aaf04ea0d3c64b965140ac85bd0c10e83410b,0x88923378021bea85f9b09ce571a309e12c7d2262,1,Cyberkongz
0x0a2542a170aa02b96b588aa3af8b09ab22a9d7ac,0xb75e6a898f4d7dd32efea8d27094432b0f90618d,2,Cyberkongz
0x0a53e28f2f7b27971e18a6305c2c74a449badd2e,0xa2548e7ad6cee01eeb19d49bedb359aea3d8ad1d,1,Cyberkongz
0x0aea0554fc347a8858dbe43fb73661432a14e7bc,0x4aeb4149ccb013af9410072769e3bd8c5b4433d9,1,Cyberkongz
0x0aea0554fc347a8858dbe43fb73661432a14e7bc,0x53102d489d17b09f9e758742d5d1f67e120f10c2,1,Cyberkongz
0x0aea0554fc347a8858dbe43fb73661432a14e7bc,0xa2548e7ad6cee01eeb19d49bedb359aea3d8ad1d,1,Cyberkongz
0x0aea0554fc347a8858dbe43fb73661432a14e7bc,0xb75e6a898f4d7dd32efea8d27094432b0f90618d,1,Cyberkongz
0x0af1c3e5de8d579f671d4d49fa230057629abcb8,0x2498bd5ce0bda6b76863777c4156770ff4a660f7,1,Cyberkongz
0x0bb14d47a450e1a5641ba39e94a9b8b892794afb,0x2f1cfeb34c9074c70ce40feb47990d96729000e6,1,Cyberkongz
0x0c2ccccc447e7b86524f73c20ebac195e721c584,0x721931508df2764fd4f70c53da646cb8aed16ace,1,Cyberkongz
0x0c2ccccc447e7b86524f73c20ebac195e721c584,0xf8040a6f2c160ce941ecd7bdb4c304fe26a19c9a,1,Cyberkongz
0x0c4c5daa515db24865cb38f281a1a2853dad3cc4,0x3945476e477de76d53b4833a46c806ef3d72b21e,1,Cyberkongz
0x0c4c5daa515db24865cb38f281a1a2853dad3cc4,0x50012f6dfc5503b0e8286c421b558bf89c60b9e9,1,Cyberkongz
0x0c4c5daa515db24865cb38f281a1a2853dad3cc4,0x54b174179ae825ed630da40b625bb3c883cd40ae,1,Cyberkongz
0x0c4c5daa515db24865cb38f281a1a2853dad3cc4,0x6bfb033c1b882f494770ffdcbca1b67e62d960fd,1,Cyberkongz
0x0c4c5daa515db24865cb38f281a1a2853dad3cc4,0x721931508df2764fd4f70c53da646cb8aed16ace,1,Cyberkongz
0x0c4c5daa515db24865cb38f281a1a2853dad3cc4,0x987df219564cd274d32b4b442ffad1a185fc0509,1,Cyberkongz
0x0c4c5daa515db24865cb38f281a1a2853dad3cc4,0xa2548e7ad6cee01eeb19d49bedb359aea3d8ad1d,9,Cyberkongz
0x0c4c5daa515db24865cb38f281a1a2853dad3cc4,0xe39cb745e8db0da1be665adb2eab58f4fd600927,1,Cyberkongz
0x0c4c5daa515db24865cb38f281a1a2853dad3cc4,0xf40b3d16ae26262db9b19e0ec80d8a490c40bdcb,1,Cyberkongz
0x0c4c5daa515db24865cb38f281a1a2853dad3cc4,0xf983557ec70fbf1a4b1e247af7bf10247e9b69c4,1,Cyberkongz
0x0c4c5daa515db24865cb38f281a1a2853dad3cc4,0xfaded16020366f4468719125e7d3a81810ea46c5,1,Cyberkongz
0x0c6295b8b5e9dad2d3ba15ef4cd4c47a4c0ae2fa,0x5df78e3f3561b03c56347355fb73a8ba63e61f0a,1,Cyberkongz
0x0c6295b8b5e9dad2d3ba15ef4cd4c47a4c0ae2fa,0x9c83385dcd075c6cdd7d436d092e99487a696d7a,1,Cyberkongz
0x0c6295b8b5e9dad2d3ba15ef4cd4c47a4c0ae2fa,0xb4a90135a4d412cbf08a328b96a13ada3e07b7eb,1,Cyberkongz
0x0c6295b8b5e9dad2d3ba15ef4cd4c47a4c0ae2fa,0xc8847457af2aacb99955d376b2359bbeb769dabf,1,Cyberkongz
0x0c6295b8b5e9dad2d3ba15ef4cd4c47a4c0ae2fa,0xe18979f2576856d4199c6abaf4ffdf5672d930bd,1,Cyberkongz
0x0c6295b8b5e9dad2d3ba15ef4cd4c47a4c0ae2fa,0xe38171c839d3ff70147829d843ee8f9794bc2299,1,Cyberkongz
0x0c6295b8b5e9dad2d3ba15ef4cd4c47a4c0ae2fa,0xe9822f18f2654e606a8dff9d75edd98367e7c0ae,1,Cyberkongz
0x0c6295b8b5e9dad2d3ba15ef4cd4c47a4c0ae2fa,0xf946d2068a549b3225cf188339010a8383dea5f1,1,Cyberkongz
0x0c6295b8b5e9dad2d3ba15ef4cd4c47a4c0ae2fa,0xfffda1f24f612ece7a90d1d59af82508ed69b23c,1,Cyberkongz
0x0cf29c333a84064723b3c8d4630a5af539f18e3c,0x6ac423f08109094af754eb733433cad2033d80d1,1,Cyberkongz
0x0cf29c333a84064723b3c8d4630a5af539f18e3c,0xa2548e7ad6cee01eeb19d49bedb359aea3d8ad1d,3,Cyberkongz
0x0cf29c333a84064723b3c8d4630a5af539f18e3c,0xf521bb7437bec77b0b15286dc3f49a87b9946773,2,Cyberkongz
0x0d31b3d8831b33305bfec2676e19d981241a5f53,0xa2548e7ad6cee01eeb19d49bedb359aea3d8ad1d,2,Cyberkongz
0x0d31b3d8831b33305bfec2676e19d981241a5f53,0xa560d704935dfa40ad8e1b46e27b219e52d49d4c,1,Cyberkongz
0x0d31b3d8831b33305bfec2676e19d981241a5f53,0xcc47fcbfdd6e558fb39cf5ef4d92e59890476b86,1,Cyberkongz
0x0e9058ed40a6406cd86f1f953292806e5d77b111,0xa2548e7ad6cee01eeb19d49bedb359aea3d8ad1d,2,Cyberkongz
0x0efcc732b7f88bab88886638d2e4faacda44f7ff,0x13e57f5ba5fb9a7a4c063aec55942c0b3c70194a,1,Cyberkongz
0x0efcc732b7f88bab88886638d2e4faacda44f7ff,0x3238b53a910b69f5dbdb31786613ce944536ba19,1,Cyberkongz
0x0efcc732b7f88bab88886638d2e4faacda44f7ff,0x665498c14f80647d2a57a1f54eee4aaa9920fae8,1,Cyberkongz
0x0efcc732b7f88bab88886638d2e4faacda44f7ff,0xa2548e7ad6cee01eeb19d49bedb359aea3d8ad1d,4,Cyberkongz
0x0efcc732b7f88bab88886638d2e4faacda44f7ff,0xdd23abb2227b4a3add86051810e03791f41c34e4,1,Cyberkongz
0x0f086d4ca0713b673b9d949b45277644b076e6c8,0xa2548e7ad6cee01eeb19d49bedb359aea3d8ad1d,1,Cyberkongz
0x0f8dcfff4f826c15601b62ac771d804699b3886c,0x1da05f10b2cd57f7cf12910ce835bf0a41c3793d,1,Cyberkongz
0x0f8dcfff4f826c15601b62ac771d804699b3886c,0x26d38307e3694111f6707d89a9af81ac0e6ee557,1,Cyberkongz
0x0f8dcfff4f826c15601b62ac771d804699b3886c,0x54b174179ae825ed630da40b625bb3c883cd40ae,1,Cyberkongz
0x0f8dcfff4f826c15601b62ac771d804699b3886c,0x58718c718297d47ba0acf15c5be54be95850a094,1,Cyberkongz
0x0f8dcfff4f826c15601b62ac771d804699b3886c,0x67ca64e6d0a97bae9d85b6b005a0ccdd876ab896,1,Cyberkongz
0x0f8dcfff4f826c15601b62ac771d804699b3886c,0x6a3e11eb1a49db4503a2546f9046c6f62d51c513,1,Cyberkongz
0x0f8dcfff4f826c15601b62ac771d804699b3886c,0x721931508df2764fd4f70c53da646cb8aed16ace,3,Cyberkongz
0x0f8dcfff4f826c15601b62ac771d804699b3886c,0x88923378021bea85f9b09ce571a309e12c7d2262,1,Cyberkongz
0x0f8dcfff4f826c15601b62ac771d804699b3886c,0x9ba74ba6c4fd92646985afa5d6a8edb4f2a38ba5,1,Cyberkongz
0x0f8dcfff4f826c15601b62ac771d804699b3886c,0xb02690b16fd8696ef13a63e3272404b3ea12d00e,1,Cyberkongz
0x0f8dcfff4f826c15601b62ac771d804699b3886c,0xc542492296d3537eb3fd16fd775bdf7ab8721c7c,1,Cyberkongz
0x0f8dcfff4f826c15601b62ac771d804699b3886c,0xd543a0be0684f0556786586b83f4c9fd16a4dc35,1,Cyberkongz
0x0f8dcfff4f826c15601b62ac771d804699b3886c,0xe38171c839d3ff70147829d843ee8f9794bc2299,1,Cyberkongz
0x0f8dcfff4f826c15601b62ac771d804699b3886c,0xe9822f18f2654e606a8dff9d75edd98367e7c0ae,1,Cyberkongz
0x0f8dcfff4f826c15601b62ac771d804699b3886c,0xf40b3d16ae26262db9b19e0ec80d8a490c40bdcb,1,Cyberkongz
0x102a618b36c32b338c03526255dcf2a39eb1897f,0x3238b53a910b69f5dbdb31786613ce944536ba19,1,Cyberkongz
0x102a618b36c32b338c03526255dcf2a39eb1897f,0x7c6553933a471b43ce3a76a02245c5162c82522c,1,Cyberkongz
0x102a618b36c32b338c03526255dcf2a39eb1897f,0xa2548e7ad6cee01eeb19d49bedb359aea3d8ad1d,2,Cyberkongz
0x10a2c688923f32b5f8ce70f7570080c724a59400,0x721931508df2764fd4f70c53da646cb8aed16ace,1,Cyberkongz
0x10a2c688923f32b5f8ce70f7570080c724a59400,0xa2548e7ad6cee01eeb19d49bedb359aea3d8ad1d,2,Cyberkongz
0x10e10edaae61db68738108e78ec8a4b5447bc767,0x3edd845c9940ff3042a12449d53006a9296df596,1,Cyberkongz
0x10e10edaae61db68738108e78ec8a4b5447bc767,0xe18979f2576856d4199c6abaf4ffdf5672d930bd,1,Cyberkongz
0x113d754ff2e6ca9fd6ab51932493e4f9dabdf596,0x20af8cccbce9013a9c0718046f49e1af9b238c08,1,Cyberkongz
0x113d754ff2e6ca9fd6ab51932493e4f9dabdf596,0x3d03ec45555a0c605276635bdcf79f750074f510,1,Cyberkongz
0x113d754ff2e6ca9fd6ab51932493e4f9dabdf596,0xa2548e7ad6cee01eeb19d49bedb359aea3d8ad1d,4,Cyberkongz
0x113d754ff2e6ca9fd6ab51932493e4f9dabdf596,0xca9b022976adfd4d6ee7bf97be6fee8689d45cf1,1,Cyberkongz
0x113d754ff2e6ca9fd6ab51932493e4f9dabdf596,0xd74261e1576d05c62a1388951db1fe59ea789638,1,Cyberkongz
0x1242675f2e4e6a40774e8f5ad548bc7d3d9ea5d8,0xa2548e7ad6cee01eeb19d49bedb359aea3d8ad1d,1,Cyberkongz
0x1242675f2e4e6a40774e8f5ad548bc7d3d9ea5d8,0xb75e6a898f4d7dd32efea8d27094432b0f90618d,1,Cyberkongz
0x1264f7d54798c1898611cb07fea0389eea7235d0,0x4989503997dc06a085ed5d71e43f09f697e02e14,1,Cyberkongz
0x1264f7d54798c1898611cb07fea0389eea7235d0,0x58718c718297d47ba0acf15c5be54be95850a094,1,Cyberkongz
0x1264f7d54798c1898611cb07fea0389eea7235d0,0x721931508df2764fd4f70c53da646cb8aed16ace,1,Cyberkongz
0x1264f7d54798c1898611cb07fea0389eea7235d0,0xc37cd5e34ef273f6aefe6900fc9d75563cdcfe03,3,Cyberkongz
0x12c9c42d8fb9b3c147abf3d24b7eba38e0393e44,0x21099184e7b0be245e3eed492288a07de2c64fd7,1,Cyberkongz
0x12c9c42d8fb9b3c147abf3d24b7eba38e0393e44,0x59e0d0ed047828e6ffdc3f5493f5923225cd8dcd,1,Cyberkongz
0x12c9c42d8fb9b3c147abf3d24b7eba38e0393e44,0x5b331eb6df00b5765894f88e54d2a87128188ec7,1,Cyberkongz
0x12c9c42d8fb9b3c147abf3d24b7eba38e0393e44,0xdebc61576f3b1b3a6f4f56adeddbfea49737d0f0,1,Cyberkongz
0x1368375c9f05e59e878fca681ac48428c403aa6b,0xb75e6a898f4d7dd32efea8d27094432b0f90618d,1,Cyberkongz
0x137320997d97dcdae021f65ceb45d6f802915247,0x58718c718297d47ba0acf15c5be54be95850a094,1,Cyberkongz
0x137320997d97dcdae021f65ceb45d6f802915247,0xc37cd5e34ef273f6aefe6900fc9d75563cdcfe03,1,Cyberkongz
0x13e57f5ba5fb9a7a4c063aec55942c0b3c70194a,0x3945476e477de76d53b4833a46c806ef3d72b21e,1,Cyberkongz
0x13e57f5ba5fb9a7a4c063aec55942c0b3c70194a,0x84957e6c9f6ccfed9c35c850c3903732ed90858a,1,Cyberkongz
0x13e57f5ba5fb9a7a4c063aec55942c0b3c70194a,0xe46df87d3fc3c68c71b9adfcecb6479e285021d9,1,Cyberkongz
0x13ff6c84ce051a8450f6de2f34b4cc5666f17fd4,0xa2548e7ad6cee01eeb19d49bedb359aea3d8ad1d,1,Cyberkongz
0x13ff6c84ce051a8450f6de2f34b4cc5666f17fd4,0xdfc70f5205a2bc1bd44219fd852d720d7a36c5b8,1,Cyberkongz
0x13ff6c84ce051a8450f6de2f34b4cc5666f17fd4,0xf8040a6f2c160ce941ecd7bdb4c304fe26a19c9a,1,Cyberkongz
0x14b95ed55c0825a30c5bf6d4905379e06749b117,0x7b60b1d19479d1b02c986815a41540c3daf6c574,1,Cyberkongz
0x14b95ed55c0825a30c5bf6d4905379e06749b117,0xa2548e7ad6cee01eeb19d49bedb359aea3d8ad1d,1,Cyberkongz
0x15f7320adb990020956d29edb6ba17f3d468001e,0x2638c0c7bb8b6cc7af4f90a7ab01df9398e46893,1,Cyberkongz
0x15f7320adb990020956d29edb6ba17f3d468001e,0x4202c5aa18c934b96bc4aedb3da4593c44076618,1,Cyberkongz
0x15f7320adb990020956d29edb6ba17f3d468001e,0xb02690b16fd8696ef13a63e3272404b3ea12d00e,1,Cyberkongz
0x15f7320adb990020956d29edb6ba17f3d468001e,0xb32e083709588a1b3fa9c115c48051e61cbeba0a,1,Cyberkongz
0x15f7320adb990020956d29edb6ba17f3d468001e,0xc36751c53cf2db5e233c8eb5fba3002ae795f7dd,1,Cyberkongz
0x161f7c6f76ce2b07c1433e52e2695d3a5c59202e,0x4aeb4149ccb013af9410072769e3bd8c5b4433d9,1,Cyberkongz
0x161f7c6f76ce2b07c1433e52e2695d3a5c59202e,0x84c920595cde2841a719fe5aa8be5166d8e7c6da,1,Cyberkongz
0x161f7c6f76ce2b07c1433e52e2695d3a5c59202e,0x8bbe743d57acb00e2f555c12fc5c752b069b9bee,1,Cyberkongz
0x161f7c6f76ce2b07c1433e52e2695d3a5c59202e,0xa2548e7ad6cee01eeb19d49bedb359aea3d8ad1d,2,Cyberkongz
0x161f7c6f76ce2b07c1433e52e2695d3a5c59202e,0xda6ad74619e62503c4cbefbe02ae05c8f4314591,1,Cyberkongz
0x167ced2d6e4f5b085952d5016b7c57a570be7e3c,0x721931508df2764fd4f70c53da646cb8aed16ace,2,Cyberkongz
0x167ced2d6e4f5b085952d5016b7c57a570be7e3c,0x88923378021bea85f9b09ce571a309e12c7d2262,1,Cyberkongz
0x167ced2d6e4f5b085952d5016b7c57a570be7e3c,0xb75e6a898f4d7dd32efea8d27094432b0f90618d,1,Cyberkongz
0x167ced2d6e4f5b085952d5016b7c57a570be7e3c,0xc36751c53cf2db5e233c8eb5fba3002ae795f7dd,1,Cyberkongz
0x167ced2d6e4f5b085952d5016b7c57a570be7e3c,0xf2ece13fdd96e865bad9b109cb61244560fe09ba,1,Cyberkongz
0x18ab13f62635bec69fcc1d2ce3dbe5e0bdef1b99,0x57cb3f6dd936bfa2ef9a81bc3eb2ece08df9a805,1,Cyberkongz
0x18ab13f62635bec69fcc1d2ce3dbe5e0bdef1b99,0x6301add4fb128de9778b8651a2a9278b86761423,1,Cyberkongz
0x18ab13f62635bec69fcc1d2ce3dbe5e0bdef1b99,0xa2548e7ad6cee01eeb19d49bedb359aea3d8ad1d,3,Cyberkongz
0x18ab13f62635bec69fcc1d2ce3dbe5e0bdef1b99,0xcb585529762d3ac104fff8333b3a9148198d744d,2,Cyberkongz
0x18ab13f62635bec69fcc1d2ce3dbe5e0bdef1b99,0xf04928ec019e13753aca32e2ea2b39238dadcaba,1,Cyberkongz
0x18bcbab94d57a3b8e0935289c8f98b2c23bcd5c6,0x42129d1462b1e2875f634f9e70cefe5887f2b894,1,Cyberkongz
0x18bcbab94d57a3b8e0935289c8f98b2c23bcd5c6,0x665498c14f80647d2a57a1f54eee4aaa9920fae8,1,Cyberkongz
0x18bcbab94d57a3b8e0935289c8f98b2c23bcd5c6,0x8d8203f7f9137c9d59f0cf64e9af38f4df8f487f,1,Cyberkongz
0x18bcbab94d57a3b8e0935289c8f98b2c23bcd5c6,0xa2548e7ad6cee01eeb19d49bedb359aea3d8ad1d,1,Cyberkongz
0x18bcbab94d57a3b8e0935289c8f98b2c23bcd5c6,0xf946d2068a549b3225cf188339010a8383dea5f1,1,Cyberkongz
0x19a3f8ecac56a0604892bd6ba703c70e93c60d19,0x26c1e466ce41070585d6876dc17b7bd9295c41d5,1,Cyberkongz
0x19a3f8ecac56a0604892bd6ba703c70e93c60d19,0x42d97b2d395c6ab73c43c37e9d9789261dce0b8f,1,Cyberkongz
0x19a3f8ecac56a0604892bd6ba703c70e93c60d19,0x45e9e4049fdd9c6c305c5c5c0e80d75cb27be7e6,2,Cyberkongz
0x19a3f8ecac56a0604892bd6ba703c70e93c60d19,0x53dda0a69992b87e51f0f14b1337281f09a2c8da,1,Cyberkongz
0x19a3f8ecac56a0604892bd6ba703c70e93c60d19,0x88923378021bea85f9b09ce571a309e12c7d2262,1,Cyberkongz
0x19a3f8ecac56a0604892bd6ba703c70e93c60d19,0xa2df601d3ca31b8484d8b862ae61eefc91c3dd2f,1,Cyberkongz
0x19a3f8ecac56a0604892bd6ba703c70e93c60d19,0xc8847457af2aacb99955d376b2359bbeb769dabf,1,Cyberkongz
0x19a3f8ecac56a0604892bd6ba703c70e93c60d19,0xcc47fcbfdd6e558fb39cf5ef4d92e59890476b86,1,Cyberkongz
0x19a3f8ecac56a0604892bd6ba703c70e93c60d19,0xf8040a6f2c160ce941ecd7bdb4c304fe26a19c9a,1,Cyberkongz
0x19ac60f70adeb4948e8bf779639117e59bb2a9f6,0xa2548e7ad6cee01eeb19d49bedb359aea3d8ad1d,2,Cyberkongz
0x19ac60f70adeb4948e8bf779639117e59bb2a9f6,0xbc6612b9818f1ee26ba9ce94b01fd6567ab4e619,1,Cyberkongz
0x1a0b5563c6eb4754b187b149b6518c31c02e2400,0x2643796cb6b4e715140f09c352ea26afff1a7d93,1,Cyberkongz
0x1a1a0fa219da646ac7c2bdc7ca00a677f78d280a,0x610aec3851d7688c4c8aef3a6173f667e8beef73,1,Cyberkongz
0x1adc09fa9a173a13dc5b4e0f85d1edf7a8c10f50,0xc37cd5e34ef273f6aefe6900fc9d75563cdcfe03,1,Cyberkongz
0x1b2965dc3b1697dd10b7126ec7393d79cda2cf91,0xf8040a6f2c160ce941ecd7bdb4c304fe26a19c9a,1,Cyberkongz
0x1b598d8bfb465de423451fc18d570c0b0a29c9c8,0x721931508df2764fd4f70c53da646cb8aed16ace,1,Cyberkongz
0x1b598d8bfb465de423451fc18d570c0b0a29c9c8,0xa2548e7ad6cee01eeb19d49bedb359aea3d8ad1d,1,Cyberkongz
0x1c012b03f1c2dea274d2eeeb566b0eeabfe3af1a,0x26c1e466ce41070585d6876dc17b7bd9295c41d5,1,Cyberkongz
0x1c012b03f1c2dea274d2eeeb566b0eeabfe3af1a,0x53dda0a69992b87e51f0f14b1337281f09a2c8da,1,Cyberkongz
0x1c012b03f1c2dea274d2eeeb566b0eeabfe3af1a,0x793acdce9db7bc3269513652923d543b4818e817,1,Cyberkongz
0x1c57ad5defc49fdabce961fd5bbaf0601d3c52fc,0x6ccaaa2f348ffba7c667a54819436e1af3afea80,1,Cyberkongz
0x1c57ad5defc49fdabce961fd5bbaf0601d3c52fc,0xa2548e7ad6cee01eeb19d49bedb359aea3d8ad1d,2,Cyberkongz
0x1c57ad5defc49fdabce961fd5bbaf0601d3c52fc,0xb823dc506011eedab6f8feecc88806dbfc55ea93,1,Cyberkongz
0x1d3ab981ac3ab27b35e4abaaa0a4de1c48b04c52,0x9ec0d9a0130113c5a4bdc8860a48212b462f1b2a,1,Cyberkongz
0x1d3ab981ac3ab27b35e4abaaa0a4de1c48b04c52,0xa2548e7ad6cee01eeb19d49bedb359aea3d8ad1d,1,Cyberkongz
0x1d3bd21016281f2508ff7c5363aa95a559042526,0x5fd36a4a4bcfe5ea059706a6a09c26b62be4059a,1,Cyberkongz
0x1da05f10b2cd57f7cf12910ce835bf0a41c3793d,0xac02744d1796717ab6e93264becf7086530376db,1,Cyberkongz
0x1da05f10b2cd57f7cf12910ce835bf0a41c3793d,0xfe44ed35c5900dbdb70e4b91eaed92b6f339c8b0,1,Cyberkongz
0x1dc37ce540a19bcb6a3579e41b56c684c6a4ba24,0x750364ccecc0250c2160b5e1cc9f9afdaa99138b,1,Cyberkongz
0x1dc37ce540a19bcb6a3579e41b56c684c6a4ba24,0xbff231712560ae7a8773a3969f247ba85359664d,1,Cyberkongz
0x202ac9a140c49fffc51acd4c65272a339fb9ef02,0x45e9e4049fdd9c6c305c5c5c0e80d75cb27be7e6,1,Cyberkongz
0x202ac9a140c49fffc51acd4c65272a339fb9ef02,0xf9b7850ee758ca9878a052aeed04f24a50531ea1,1,Cyberkongz
0x20af8cccbce9013a9c0718046f49e1af9b238c08,0x62391b370a4761f7087f83d9d2c8d7bfa91036ab,1,Cyberkongz
0x20af8cccbce9013a9c0718046f49e1af9b238c08,0xa683c1b815997a7fa38f6178c84675fc4c79ac2b,2,Cyberkongz
0x20af8cccbce9013a9c0718046f49e1af9b238c08,0xc8a974a97f6a7f57b6ce09aed5905d5547039f11,1,Cyberkongz
0x21099184e7b0be245e3eed492288a07de2c64fd7,0x24f05d116a8435ccc406cdf30c02394ae7a5b61f,1,Cyberkongz
0x21099184e7b0be245e3eed492288a07de2c64fd7,0xbb403d793dda52f8512950953771b7c341086120,1,Cyberkongz
0x21099184e7b0be245e3eed492288a07de2c64fd7,0xc98571d9e43c54aa37c977857c251f387b6b3fd5,1,Cyberkongz
0x21099184e7b0be245e3eed492288a07de2c64fd7,0xedd831ece7c9eaffa7a6c5e1c31e6a644661f3a3,1,Cyberkongz
0x2498bd5ce0bda6b76863777c4156770ff4a660f7,0xb823dc506011eedab6f8feecc88806dbfc55ea93,1,Cyberkongz
0x24d20955054725bb16f55556e9fa4a276e000acc,0xa2548e7ad6cee01eeb19d49bedb359aea3d8ad1d,1,Cyberkongz
0x24d20955054725bb16f55556e9fa4a276e000acc,0xc37cd5e34ef273f6aefe6900fc9d75563cdcfe03,1,Cyberkongz
0x24d9db7c839262197b278a912ca0beefbfbc15a2,0x26c1e466ce41070585d6876dc17b7bd9295c41d5,1,Cyberkongz
0x24d9db7c839262197b278a912ca0beefbfbc15a2,0x42129d1462b1e2875f634f9e70cefe5887f2b894,1,Cyberkongz
0x24d9db7c839262197b278a912ca0beefbfbc15a2,0x5df78e3f3561b03c56347355fb73a8ba63e61f0a,1,Cyberkongz
0x24f05d116a8435ccc406cdf30c02394ae7a5b61f,0x721931508df2764fd4f70c53da646cb8aed16ace,1,Cyberkongz
0x24f05d116a8435ccc406cdf30c02394ae7a5b61f,0x84957e6c9f6ccfed9c35c850c3903732ed90858a,1,Cyberkongz
0x24f05d116a8435ccc406cdf30c02394ae7a5b61f,0xa2548e7ad6cee01eeb19d49bedb359aea3d8ad1d,7,Cyberkongz
0x24f05d116a8435ccc406cdf30c02394ae7a5b61f,0xdebfc8c83deea6a17fb55ba4d603f6dd82e35440,1,Cyberkongz
0x24f05d116a8435ccc406cdf30c02394ae7a5b61f,0xe72eb31b59f85b19499a0f3b3260011894fa0d65,1,Cyberkongz
0x24f05d116a8435ccc406cdf30c02394ae7a5b61f,0xfa6c54de608c9a0a2c2a3220bb7e42b95d1b910b,1,Cyberkongz
0x2638c0c7bb8b6cc7af4f90a7ab01df9398e46893,0x4bab464da1bf310b60b4b1bf0bb15932be61d6dd,1,Cyberkongz
0x2638c0c7bb8b6cc7af4f90a7ab01df9398e46893,0xa2548e7ad6cee01eeb19d49bedb359aea3d8ad1d,5,Cyberkongz
0x2638c0c7bb8b6cc7af4f90a7ab01df9398e46893,0xb32e083709588a1b3fa9c115c48051e61cbeba0a,1,Cyberkongz
0x2638c0c7bb8b6cc7af4f90a7ab01df9398e46893,0xe72eb31b59f85b19499a0f3b3260011894fa0d65,1,Cyberkongz
0x2643796cb6b4e715140f09c352ea26afff1a7d93,0x5b1e7840e97dae8b716317965534fadb490580a1,1,Cyberkongz
0x2643796cb6b4e715140f09c352ea26afff1a7d93,0x5fd36a4a4bcfe5ea059706a6a09c26b62be4059a,1,Cyberkongz
0x2643796cb6b4e715140f09c352ea26afff1a7d93,0x7c6553933a471b43ce3a76a02245c5162c82522c,1,Cyberkongz
0x2643796cb6b4e715140f09c352ea26afff1a7d93,0xd78901d07221edc5f7af21ad59a392a50e406d52,1,Cyberkongz
0x2643796cb6b4e715140f09c352ea26afff1a7d93,0xda4fcb096218f0a7d36d00623076a86153dce8ba,1,Cyberkongz
0x2643796cb6b4e715140f09c352ea26afff1a7d93,0xf983557ec70fbf1a4b1e247af7bf10247e9b69c4,1,Cyberkongz
0x26c1e466ce41070585d6876dc17b7bd9295c41d5,0x54b174179ae825ed630da40b625bb3c883cd40ae,1,Cyberkongz
0x26c1e466ce41070585d6876dc17b7bd9295c41d5,0x610aec3851d7688c4c8aef3a6173f667e8beef73,1,Cyberkongz
0x26c1e466ce41070585d6876dc17b7bd9295c41d5,0x962f171449d3dd573ffff59d34cc80e9f87c0e76,1,Cyberkongz
0x26c1e466ce41070585d6876dc17b7bd9295c41d5,0xa2548e7ad6cee01eeb19d49bedb359aea3d8ad1d,10,Cyberkongz
0x26c1e466ce41070585d6876dc17b7bd9295c41d5,0xf8040a6f2c160ce941ecd7bdb4c304fe26a19c9a,1,Cyberkongz
0x26d38307e3694111f6707d89a9af81ac0e6ee557,0x58d4547e6cad3b3b8d7ffb69c2f3465de03c8236,1,Cyberkongz
0x26d38307e3694111f6707d89a9af81ac0e6ee557,0x721931508df2764fd4f70c53da646cb8aed16ace,1,Cyberkongz
0x26d38307e3694111f6707d89a9af81ac0e6ee557,0x9ec0d9a0130113c5a4bdc8860a48212b462f1b2a,1,Cyberkongz
0x26d38307e3694111f6707d89a9af81ac0e6ee557,0xc24dbef4d4fca515d6198396d5f4c9db8599b4b7,1,Cyberkongz
0x26d38307e3694111f6707d89a9af81ac0e6ee557,0xdebfc8c83deea6a17fb55ba4d603f6dd82e35440,1,Cyberkongz
0x26d38307e3694111f6707d89a9af81ac0e6ee557,0xfeae8ec4afee29c939ca62749e2e6329c27d48ce,1,Cyberkongz
0x288fc73d726823fbfeecf42f642b8798de34a7d0,0xb32e083709588a1b3fa9c115c48051e61cbeba0a,1,Cyberkongz
0x29833e6a24d64a382d3bc34d1caa631091ad016b,0xa683c1b815997a7fa38f6178c84675fc4c79ac2b,1,Cyberkongz
0x2ab82b5a62b6df5da63f721464f83671aa51fd83,0x2fe50c88f228dacfc24100de0c5167aa7a539dc6,1,Cyberkongz
0x2ab82b5a62b6df5da63f721464f83671aa51fd83,0xa2548e7ad6cee01eeb19d49bedb359aea3d8ad1d,3,Cyberkongz
0x2bb9de497d4df2c34d63b1cdabbbf1fd8e38026f,0xb75e6a898f4d7dd32efea8d27094432b0f90618d,1,Cyberkongz
0x2f1cfeb34c9074c70ce40feb47990d96729000e6,0x4202c5aa18c934b96bc4aedb3da4593c44076618,1,Cyberkongz
0x2f1cfeb34c9074c70ce40feb47990d96729000e6,0x54b174179ae825ed630da40b625bb3c883cd40ae,1,Cyberkongz
0x2f1cfeb34c9074c70ce40feb47990d96729000e6,0x910b48c25afc5b2a998458b62d467d482eca74af,1,Cyberkongz
0x2f1cfeb34c9074c70ce40feb47990d96729000e6,0x951b6d50d07c39b0f97a7bb2f5c1e96f07a093d3,1,Cyberkongz
0x2f1cfeb34c9074c70ce40feb47990d96729000e6,0x96236adb640ec620a85898378375cedf03ca21ff,1,Cyberkongz
0x2f1cfeb34c9074c70ce40feb47990d96729000e6,0xa2548e7ad6cee01eeb19d49bedb359aea3d8ad1d,5,Cyberkongz
0x2f1cfeb34c9074c70ce40feb47990d96729000e6,0xb4a90135a4d412cbf08a328b96a13ada3e07b7eb,1,Cyberkongz
0x2f1cfeb34c9074c70ce40feb47990d96729000e6,0xc8a974a97f6a7f57b6ce09aed5905d5547039f11,1,Cyberkongz
0x2f1cfeb34c9074c70ce40feb47990d96729000e6,0xcc47fcbfdd6e558fb39cf5ef4d92e59890476b86,1,Cyberkongz
0x2f1cfeb34c9074c70ce40feb47990d96729000e6,0xdfc70f5205a2bc1bd44219fd852d720d7a36c5b8,1,Cyberkongz
0x3238b53a910b69f5dbdb31786613ce944536ba19,0x88923378021bea85f9b09ce571a309e12c7d2262,1,Cyberkongz
0x3238b53a910b69f5dbdb31786613ce944536ba19,0xa683c1b815997a7fa38f6178c84675fc4c79ac2b,1,Cyberkongz
0x3238b53a910b69f5dbdb31786613ce944536ba19,0xb02690b16fd8696ef13a63e3272404b3ea12d00e,2,Cyberkongz
0x3238b53a910b69f5dbdb31786613ce944536ba19,0xc561c9b7035732b4ebdbae6ac43d6a293ab53896,1,Cyberkongz
0x3238b53a910b69f5dbdb31786613ce944536ba19,0xcaf6fd54fb74c95b28f5e94952ca21b46e4071cc,1,Cyberkongz
0x3238b53a910b69f5dbdb31786613ce944536ba19,0xcd07cc93ddd79d0946f9bb3157fe0b5991a227f3,1,Cyberkongz
0x3238b53a910b69f5dbdb31786613ce944536ba19,0xfb49cf9dcd66b287f9004c556bb2f1a30b03b62b,1,Cyberkongz
0x33cd06d28af889bcab0e31c77adeb0be1c9f01e2,0x721931508df2764fd4f70c53da646cb8aed16ace,1,Cyberkongz
0x33cd06d28af889bcab0e31c77adeb0be1c9f01e2,0xf9b7850ee758ca9878a052aeed04f24a50531ea1,1,Cyberkongz
0x33e2a85e095e7d262148a9c21adca59ee876e222,0x4dbf261b7531f1c53a44009926c0b2d129234a50,1,Cyberkongz
0x33e2a85e095e7d262148a9c21adca59ee876e222,0xb32e083709588a1b3fa9c115c48051e61cbeba0a,1,Cyberkongz
0x3437cf3a7c0639d298d0e1dd5fa96fa66eea9952,0x5b1e7840e97dae8b716317965534fadb490580a1,1,Cyberkongz
0x3437cf3a7c0639d298d0e1dd5fa96fa66eea9952,0x6ca5ed8701aca14c1062c469e5498024c9f6c740,1,Cyberkongz
0x3437cf3a7c0639d298d0e1dd5fa96fa66eea9952,0xae667ed58c0d9198fc0b9261156d48296c1bb3da,1,Cyberkongz
0x3437cf3a7c0639d298d0e1dd5fa96fa66eea9952,0xc37cd5e34ef273f6aefe6900fc9d75563cdcfe03,1,Cyberkongz
0x36091073086495792e0ab3b94d230c2202243bac,0xa2548e7ad6cee01eeb19d49bedb359aea3d8ad1d,3,Cyberkongz
0x36091073086495792e0ab3b94d230c2202243bac,0xcaf6fd54fb74c95b28f5e94952ca21b46e4071cc,1,Cyberkongz
0x367c49e002616469e2ad73485ef3912520bcfca2,0x721931508df2764fd4f70c53da646cb8aed16ace,1,Cyberkongz
0x367c49e002616469e2ad73485ef3912520bcfca2,0xd9c61c6a41cb78ee8124111be112d352a7cf13c1,1,Cyberkongz
0x36b2b845a0c2fd77f4a42dfb84fe868fa245481f,0xa2548e7ad6cee01eeb19d49bedb359aea3d8ad1d,2,Cyberkongz
0x36b2b845a0c2fd77f4a42dfb84fe868fa245481f,0xcc47fcbfdd6e558fb39cf5ef4d92e59890476b86,1,Cyberkongz
0x36b2b845a0c2fd77f4a42dfb84fe868fa245481f,0xd28fde3707332972db5befbe77d5bfa3d515c929,1,Cyberkongz
0x37b2199f06ce7c100bb2a4c45bfc0bd895bd5c00,0x56be13360f1077e449f5c5cfa38c277dda411f6a,1,Cyberkongz
0x37b2199f06ce7c100bb2a4c45bfc0bd895bd5c00,0x6634f9d0c6b7fb5764312bd0c91556f51e67e544,1,Cyberkongz
0x38857ed3a8fc5951289e58e20fb56a00e88f0bbd,0x8bbe743d57acb00e2f555c12fc5c752b069b9bee,1,Cyberkongz
0x38857ed3a8fc5951289e58e20fb56a00e88f0bbd,0xb4a90135a4d412cbf08a328b96a13ada3e07b7eb,1,Cyberkongz
0x38857ed3a8fc5951289e58e20fb56a00e88f0bbd,0xb823dc506011eedab6f8feecc88806dbfc55ea93,1,Cyberkongz
0x38857ed3a8fc5951289e58e20fb56a00e88f0bbd,0xfe44ed35c5900dbdb70e4b91eaed92b6f339c8b0,1,Cyberkongz
0x38a4d889a1979133fbc1d58f970f0953e3715c26,0x54b4ebb13f531ca008b0e6e859ea2ceb3ce92b43,1,Cyberkongz
0x38a4d889a1979133fbc1d58f970f0953e3715c26,0x88badba19b9aec1025125060df9affa6fc0ecbe0,1,Cyberkongz
0x38a4d889a1979133fbc1d58f970f0953e3715c26,0xed862d9000356cedfdea4650666312d04cc30a46,1,Cyberkongz
0x38a4d889a1979133fbc1d58f970f0953e3715c26,0xf9b7850ee758ca9878a052aeed04f24a50531ea1,1,Cyberkongz
0x38e71c42dbee9b368f93c1278b8ce0b4aac44b29,0xa13bf3555194c8a65c2ac6324731852d6ecf2638,1,Cyberkongz
0x3945476e477de76d53b4833a46c806ef3d72b21e,0x53dda0a69992b87e51f0f14b1337281f09a2c8da,1,Cyberkongz
0x3945476e477de76d53b4833a46c806ef3d72b21e,0x75cee30b743d77f6b27f5a187ae1610a43f3b906,1,Cyberkongz
0x3945476e477de76d53b4833a46c806ef3d72b21e,0x7924385c810b8deece8058d4df2bece6ebe9391c,1,Cyberkongz
0x3945476e477de76d53b4833a46c806ef3d72b21e,0x88923378021bea85f9b09ce571a309e12c7d2262,2,Cyberkongz
0x3945476e477de76d53b4833a46c806ef3d72b21e,0x910b48c25afc5b2a998458b62d467d482eca74af,1,Cyberkongz
0x3945476e477de76d53b4833a46c806ef3d72b21e,0xdd23abb2227b4a3add86051810e03791f41c34e4,1,Cyberkongz
0x3945476e477de76d53b4833a46c806ef3d72b21e,0xfa6023f9c140c6ec5c78d19b91d4bdece8de107d,1,Cyberkongz
0x3a2e9ba6cda48dcb3fe0132c4fee60d6850fb159,0x822bac563288e76ab0ec2ea05281eba9519d8690,1,Cyberkongz
0x3a2e9ba6cda48dcb3fe0132c4fee60d6850fb159,0xc37cd5e34ef273f6aefe6900fc9d75563cdcfe03,1,Cyberkongz
0x3bb4d31bddf933cf3e5f064ef6c9e6a3f4bc22ae,0x5fd36a4a4bcfe5ea059706a6a09c26b62be4059a,2,Cyberkongz
0x3bb4d31bddf933cf3e5f064ef6c9e6a3f4bc22ae,0xa2548e7ad6cee01eeb19d49bedb359aea3d8ad1d,2,Cyberkongz
0x3c9a28263b5becf6b0773bf9736b9d0d5f08cb06,0x721931508df2764fd4f70c53da646cb8aed16ace,1,Cyberkongz
0x3c9a28263b5becf6b0773bf9736b9d0d5f08cb06,0xb7d9945166e3da89ee4c0947230753d656d116a5,1,Cyberkongz
0x3c9a28263b5becf6b0773bf9736b9d0d5f08cb06,0xbc4c9e1905e9fc4090877a779d267cd521980c37,1,Cyberkongz
0x3c9a28263b5becf6b0773bf9736b9d0d5f08cb06,0xfbdbcf1ebe27245e3488541f19cac902e53239a4,1,Cyberkongz
0x3c9a28263b5becf6b0773bf9736b9d0d5f08cb06,0xfeae8ec4afee29c939ca62749e2e6329c27d48ce,1,Cyberkongz
0x3cddcebc43708c59af29d256efa08c65910e0b2b,0x4989503997dc06a085ed5d71e43f09f697e02e14,1,Cyberkongz
0x3cddcebc43708c59af29d256efa08c65910e0b2b,0xa2548e7ad6cee01eeb19d49bedb359aea3d8ad1d,4,Cyberkongz
0x3d03ec45555a0c605276635bdcf79f750074f510,0xbc9ca5bd0f07700929f8d538233b0a9e60f4ddc5,1,Cyberkongz
0x3d0d7f8720a02cfc9fee5dc7dc08181303a6ed86,0xc33a19c47d3b1c7359637f983e4cc136679e0e80,1,Cyberkongz
0x3d0d7f8720a02cfc9fee5dc7dc08181303a6ed86,0xf983557ec70fbf1a4b1e247af7bf10247e9b69c4,1,Cyberkongz
0x3d6c8d09f33873c73ad60b54f1486cac3c2647a2,0xbff231712560ae7a8773a3969f247ba85359664d,1,Cyberkongz
0x3dee682ad8fc1bfc3657c59e841d135d51f9662a,0x673c0e7a193a2fdbf4e6cc972a8054a43dff4cd0,1,Cyberkongz
0x3dee682ad8fc1bfc3657c59e841d135d51f9662a,0xbc9ca5bd0f07700929f8d538233b0a9e60f4ddc5,1,Cyberkongz
0x3dee682ad8fc1bfc3657c59e841d135d51f9662a,0xd74261e1576d05c62a1388951db1fe59ea789638,1,Cyberkongz
0x3eb39c50d4ecb5149ab71802f1f8e92f7a1280d1,0xa2548e7ad6cee01eeb19d49bedb359aea3d8ad1d,1,Cyberkongz
0x3eb39c50d4ecb5149ab71802f1f8e92f7a1280d1,0xb273b47a788aa305c5c65fa6b56159a4d306d788,1,Cyberkongz
0x3eb39c50d4ecb5149ab71802f1f8e92f7a1280d1,0xb6681a3bd6ee4c7f75958e0676e50f6af790628a,1,Cyberkongz
0x3edd845c9940ff3042a12449d53006a9296df596,0xf9b7850ee758ca9878a052aeed04f24a50531ea1,1,Cyberkongz
0x3f59d9fbd46e676d9a2a7acfcb210044dbd997b8,0x92f93fadcacb86f6bd163a87a0944341b838cc62,1,Cyberkongz
0x3f86f18322a888d9b3adef38f127c941bccc014d,0x5df78e3f3561b03c56347355fb73a8ba63e61f0a,1,Cyberkongz
0x3f86f18322a888d9b3adef38f127c941bccc014d,0xaa73a811a4898ca0e116376be752b3960d554021,1,Cyberkongz
0x3fc711dc1fbede234ccf6975fc089163a292af67,0x42129d1462b1e2875f634f9e70cefe5887f2b894,1,Cyberkongz
0x3fc711dc1fbede234ccf6975fc089163a292af67,0xa2548e7ad6cee01eeb19d49bedb359aea3d8ad1d,1,Cyberkongz
0x3fc711dc1fbede234ccf6975fc089163a292af67,0xc37cd5e34ef273f6aefe6900fc9d75563cdcfe03,1,Cyberkongz
0x3fc711dc1fbede234ccf6975fc089163a292af67,0xf6c7dc1f9d1ba5b17febe664bae7645c04b42067,1,Cyberkongz
0x407dbc332f834e51737e428fe22ce10fcdb4214f,0xd78901d07221edc5f7af21ad59a392a50e406d52,1,Cyberkongz
0x41a1252367faf7b37ce7cac5018b35ae2037feca,0x4897d38b0974051d8fa34364e37a5993f4a966a5,1,Cyberkongz
0x41a1252367faf7b37ce7cac5018b35ae2037feca,0x88923378021bea85f9b09ce571a309e12c7d2262,1,Cyberkongz
0x41a1252367faf7b37ce7cac5018b35ae2037feca,0xcddee772926d631cadd0aa8f8033421c4fe55f10,1,Cyberkongz
0x4202c5aa18c934b96bc4aedb3da4593c44076618,0x42129d1462b1e2875f634f9e70cefe5887f2b894,1,Cyberkongz
0x4202c5aa18c934b96bc4aedb3da4593c44076618,0x5763542e5de5f524037b6c90623d00e0d6099bde,1,Cyberkongz
0x4202c5aa18c934b96bc4aedb3da4593c44076618,0x6e43d04a2c8b8dc3a6fa9dd35711559b493543d1,1,Cyberkongz
0x4202c5aa18c934b96bc4aedb3da4593c44076618,0xa2548e7ad6cee01eeb19d49bedb359aea3d8ad1d,8,Cyberkongz
0x4202c5aa18c934b96bc4aedb3da4593c44076618,0xa683c1b815997a7fa38f6178c84675fc4c79ac2b,1,Cyberkongz
0x4202c5aa18c934b96bc4aedb3da4593c44076618,0xae89ad222e67205e8d947f131fdc9fa139828745,1,Cyberkongz
0x4202c5aa18c934b96bc4aedb3da4593c44076618,0xb02690b16fd8696ef13a63e3272404b3ea12d00e,1,Cyberkongz
0x4202c5aa18c934b96bc4aedb3da4593c44076618,0xc37cd5e34ef273f6aefe6900fc9d75563cdcfe03,5,Cyberkongz
0x4202c5aa18c934b96bc4aedb3da4593c44076618,0xd71a41ec000089ae99873afb4d15cc7d54dd95bc,1,Cyberkongz
0x4202c5aa18c934b96bc4aedb3da4593c44076618,0xedd831ece7c9eaffa7a6c5e1c31e6a644661f3a3,1,Cyberkongz
0x4202c5aa18c934b96bc4aedb3da4593c44076618,0xfa6c54de608c9a0a2c2a3220bb7e42b95d1b910b,1,Cyberkongz
0x42129d1462b1e2875f634f9e70cefe5887f2b894,0x42d97b2d395c6ab73c43c37e9d9789261dce0b8f,1,Cyberkongz
0x42129d1462b1e2875f634f9e70cefe5887f2b894,0x54b174179ae825ed630da40b625bb3c883cd40ae,1,Cyberkongz
0x42129d1462b1e2875f634f9e70cefe5887f2b894,0x718b2c8110412b0968f7bfc97f8733d6e063d84e,1,Cyberkongz
0x42129d1462b1e2875f634f9e70cefe5887f2b894,0x7e455caac23eb8ed9884f55ed7e5a42d5dec2bd9,1,Cyberkongz
0x42129d1462b1e2875f634f9e70cefe5887f2b894,0x92f93fadcacb86f6bd163a87a0944341b838cc62,1,Cyberkongz
0x42129d1462b1e2875f634f9e70cefe5887f2b894,0x951b6d50d07c39b0f97a7bb2f5c1e96f07a093d3,1,Cyberkongz
0x42129d1462b1e2875f634f9e70cefe5887f2b894,0xb75e6a898f4d7dd32efea8d27094432b0f90618d,1,Cyberkongz
0x42129d1462b1e2875f634f9e70cefe5887f2b894,0xc37cd5e34ef273f6aefe6900fc9d75563cdcfe03,1,Cyberkongz
0x42129d1462b1e2875f634f9e70cefe5887f2b894,0xf983557ec70fbf1a4b1e247af7bf10247e9b69c4,1,Cyberkongz
0x4296b22810c6f7c4b13412fbb3374432585e2bf4,0xbc4c9e1905e9fc4090877a779d267cd521980c37,1,Cyberkongz
0x42a60d2f2ffa2150c568010a8d425f0aad284fd2,0x484ec62385e780f2460feac34864a77ba5a18134,1,Cyberkongz
0x42a60d2f2ffa2150c568010a8d425f0aad284fd2,0x88badba19b9aec1025125060df9affa6fc0ecbe0,1,Cyberkongz
0x42a60d2f2ffa2150c568010a8d425f0aad284fd2,0x92f93fadcacb86f6bd163a87a0944341b838cc62,1,Cyberkongz
0x42a60d2f2ffa2150c568010a8d425f0aad284fd2,0x9ec0d9a0130113c5a4bdc8860a48212b462f1b2a,1,Cyberkongz
0x42a60d2f2ffa2150c568010a8d425f0aad284fd2,0xa2548e7ad6cee01eeb19d49bedb359aea3d8ad1d,17,Cyberkongz
0x42d97b2d395c6ab73c43c37e9d9789261dce0b8f,0x47b2efa18736c6c211505aefd321bec3ac3e8779,1,Cyberkongz
0x42d97b2d395c6ab73c43c37e9d9789261dce0b8f,0x72513c82198a8fc08bcf48473f9238cfbdd5a299,1,Cyberkongz
0x42d97b2d395c6ab73c43c37e9d9789261dce0b8f,0x85a1f25ea31e9850b63943f2e21f306d0536f018,1,Cyberkongz
0x42d97b2d395c6ab73c43c37e9d9789261dce0b8f,0xc37cd5e34ef273f6aefe6900fc9d75563cdcfe03,2,Cyberkongz
0x433c8a73bec1273561e4e2201649de12f20b7d58,0x78b21283e86160e943691134aa5f7961cd828630,1,Cyberkongz
0x433c8a73bec1273561e4e2201649de12f20b7d58,0xc9bd470a494e002aecbbbf73ca5bd8a2807f296b,1,Cyberkongz
0x436317eef036eb72e74812dcea5c31a945724f77,0xc20d8a5bd4c90c86f435ebaf9b3f20628c139d2e,1,Cyberkongz
0x436317eef036eb72e74812dcea5c31a945724f77,0xc542492296d3537eb3fd16fd775bdf7ab8721c7c,1,Cyberkongz
0x4436b0b26a76ccd25f6b97324c42df4b0f0ed3ab,0xb27cada5ece909e8c953897f8036547997fe03ad,1,Cyberkongz
0x4436b0b26a76ccd25f6b97324c42df4b0f0ed3ab,0xe4160a3bef14dfdc0cf49d9dcecd16ffe441de91,1,Cyberkongz
0x453a6b83ba2dd467004f96b3ae5dd769f3da0995,0x5b1e7840e97dae8b716317965534fadb490580a1,1,Cyberkongz
0x453a6b83ba2dd467004f96b3ae5dd769f3da0995,0x67ca64e6d0a97bae9d85b6b005a0ccdd876ab896,1,Cyberkongz
0x453a6b83ba2dd467004f96b3ae5dd769f3da0995,0xa2548e7ad6cee01eeb19d49bedb359aea3d8ad1d,2,Cyberkongz
0x45e9e4049fdd9c6c305c5c5c0e80d75cb27be7e6,0x5492e0112e49e5fed0a7b1278c76df655e509a99,1,Cyberkongz
0x45e9e4049fdd9c6c305c5c5c0e80d75cb27be7e6,0x58718c718297d47ba0acf15c5be54be95850a094,1,Cyberkongz
0x45e9e4049fdd9c6c305c5c5c0e80d75cb27be7e6,0x887fb037ca3f3725fe12c928443ece0280dde1e1,1,Cyberkongz
0x45e9e4049fdd9c6c305c5c5c0e80d75cb27be7e6,0x8d8203f7f9137c9d59f0cf64e9af38f4df8f487f,1,Cyberkongz
0x45e9e4049fdd9c6c305c5c5c0e80d75cb27be7e6,0xa2548e7ad6cee01eeb19d49bedb359aea3d8ad1d,19,Cyberkongz
0x45e9e4049fdd9c6c305c5c5c0e80d75cb27be7e6,0xd543a0be0684f0556786586b83f4c9fd16a4dc35,1,Cyberkongz
0x45e9e4049fdd9c6c305c5c5c0e80d75cb27be7e6,0xf238269d7c05c61c1c82f8ee7ad2713388faabe9,3,Cyberkongz
0x45e9e4049fdd9c6c305c5c5c0e80d75cb27be7e6,0xfbdbcf1ebe27245e3488541f19cac902e53239a4,1,Cyberkongz
0x46cb6e53ffb34deabfbe585bbb713d062706d984,0x7b7736a2c07c4332ffad45a039d2117ae15e3f66,1,Cyberkongz
0x46cb6e53ffb34deabfbe585bbb713d062706d984,0xa2548e7ad6cee01eeb19d49bedb359aea3d8ad1d,1,Cyberkongz
0x47b2efa18736c6c211505aefd321bec3ac3e8779,0xa2548e7ad6cee01eeb19d49bedb359aea3d8ad1d,2,Cyberkongz
0x47b2efa18736c6c211505aefd321bec3ac3e8779,0xb890a476fb4a6f55eb66914ce0b4f1b98c601f68,1,Cyberkongz
0x484b522461c6890c7314261fd3e6ec6477c9e4fc,0xa2548e7ad6cee01eeb19d49bedb359aea3d8ad1d,1,Cyberkongz
0x484b522461c6890c7314261fd3e6ec6477c9e4fc,0xf946d2068a549b3225cf188339010a8383dea5f1,1,Cyberkongz
0x4874211da929dd87e28a4267c4b96a5d0ccf48a7,0xc37cd5e34ef273f6aefe6900fc9d75563cdcfe03,1,Cyberkongz
0x48802253e3689395eeb3f8d6ec04a697246eecd2,0xca8c27d432f61b3bdeaae160d25da85560087c94,1,Cyberkongz
0x4897d38b0974051d8fa34364e37a5993f4a966a5,0x4aeb4149ccb013af9410072769e3bd8c5b4433d9,1,Cyberkongz
0x4897d38b0974051d8fa34364e37a5993f4a966a5,0x5492e0112e49e5fed0a7b1278c76df655e509a99,1,Cyberkongz
0x4897d38b0974051d8fa34364e37a5993f4a966a5,0x7d4823262bd2c6e4fa78872f2587dda2a65828ed,1,Cyberkongz
0x4897d38b0974051d8fa34364e37a5993f4a966a5,0xf40b3d16ae26262db9b19e0ec80d8a490c40bdcb,1,Cyberkongz
0x48a50108e881755a70eb6d6660748fc7a6fea14d,0xa2548e7ad6cee01eeb19d49bedb359aea3d8ad1d,1,Cyberkongz
0x48a50108e881755a70eb6d6660748fc7a6fea14d,0xbace1e5f9cb38f56fa8b096e3fe940d9c34d189d,1,Cyberkongz
0x4927c1dd26d0bfe25a352b08fe5fb847494261fa,0xc37cd5e34ef273f6aefe6900fc9d75563cdcfe03,1,Cyberkongz
0x4927c1dd26d0bfe25a352b08fe5fb847494261fa,0xf6c7dc1f9d1ba5b17febe664bae7645c04b42067,1,Cyberkongz
0x4989503997dc06a085ed5d71e43f09f697e02e14,0xa2548e7ad6cee01eeb19d49bedb359aea3d8ad1d,24,Cyberkongz
0x4989503997dc06a085ed5d71e43f09f697e02e14,0xe72eb31b59f85b19499a0f3b3260011894fa0d65,1,Cyberkongz
0x4ad2422671e714487a4fb4576c24b5cfa7b8b566,0xfa6c54de608c9a0a2c2a3220bb7e42b95d1b910b,1,Cyberkongz
0x4ae901fbdb69ea08d63224964fc5e9696f0fe6d0,0xd6ff7c6b0e429ab3b078d935e6c14ba8a39b16ed,1,Cyberkongz
0x4ae901fbdb69ea08d63224964fc5e9696f0fe6d0,0xf8040a6f2c160ce941ecd7bdb4c304fe26a19c9a,1,Cyberkongz
0x4b4df3b4c0a893c7beefe72e1b8dae7654ae6f47,0xad9f11d1dd6d202243473a0cdae606308ab243b4,1,Cyberkongz
0x4dbf261b7531f1c53a44009926c0b2d129234a50,0xa2548e7ad6cee01eeb19d49bedb359aea3d8ad1d,1,Cyberkongz
0x4fafd7503973d841548024d60025b3e7b4d73a00,0xed862d9000356cedfdea4650666312d04cc30a46,1,Cyberkongz
0x4fbd8c884640a10d20a2dcbc4cd85146f0b0efd7,0xa2548e7ad6cee01eeb19d49bedb359aea3d8ad1d,1,Cyberkongz
0x4fdf55255d1e7194ac7153f2aec6a4e139a1bcbc,0xa03585bad4ca10f1b70805184bedb114f708417d,1,Cyberkongz
0x50012f6dfc5503b0e8286c421b558bf89c60b9e9,0x75cee30b743d77f6b27f5a187ae1610a43f3b906,1,Cyberkongz
0x51636d9efbfb79631824dd6107d54f2dcf548359,0xe18979f2576856d4199c6abaf4ffdf5672d930bd,1,Cyberkongz
0x53102d489d17b09f9e758742d5d1f67e120f10c2,0x54b174179ae825ed630da40b625bb3c883cd40ae,1,Cyberkongz
0x53102d489d17b09f9e758742d5d1f67e120f10c2,0x665498c14f80647d2a57a1f54eee4aaa9920fae8,1,Cyberkongz
0x53102d489d17b09f9e758742d5d1f67e120f10c2,0x96236adb640ec620a85898378375cedf03ca21ff,1,Cyberkongz
0x53aed391f71bc67d8b5b05a3851f46e742a74768,0xcc47fcbfdd6e558fb39cf5ef4d92e59890476b86,1,Cyberkongz
0x53dda0a69992b87e51f0f14b1337281f09a2c8da,0x5763542e5de5f524037b6c90623d00e0d6099bde,1,Cyberkongz
0x53dda0a69992b87e51f0f14b1337281f09a2c8da,0x721931508df2764fd4f70c53da646cb8aed16ace,1,Cyberkongz
0x53dda0a69992b87e51f0f14b1337281f09a2c8da,0x84957e6c9f6ccfed9c35c850c3903732ed90858a,1,Cyberkongz
0x53dda0a69992b87e51f0f14b1337281f09a2c8da,0x84c920595cde2841a719fe5aa8be5166d8e7c6da,1,Cyberkongz
0x53dda0a69992b87e51f0f14b1337281f09a2c8da,0xa2548e7ad6cee01eeb19d49bedb359aea3d8ad1d,13,Cyberkongz
0x53dda0a69992b87e51f0f14b1337281f09a2c8da,0xe436cbd3892c6dc3d6c8a3580153e6e0fa613cfc,1,Cyberkongz
0x53dda0a69992b87e51f0f14b1337281f09a2c8da,0xe72eb31b59f85b19499a0f3b3260011894fa0d65,1,Cyberkongz
0x5492e0112e49e5fed0a7b1278c76df655e509a99,0xc9bd470a494e002aecbbbf73ca5bd8a2807f296b,1,Cyberkongz
0x54b174179ae825ed630da40b625bb3c883cd40ae,0x704c978d50590b21e4c2f43eb4da24fe61fcd707,1,Cyberkongz
0x54b174179ae825ed630da40b625bb3c883cd40ae,0x721931508df2764fd4f70c53da646cb8aed16ace,4,Cyberkongz
0x54b174179ae825ed630da40b625bb3c883cd40ae,0x99a811e5c62add613975456292f836115aea0164,1,Cyberkongz
0x54b174179ae825ed630da40b625bb3c883cd40ae,0x9ba74ba6c4fd92646985afa5d6a8edb4f2a38ba5,1,Cyberkongz
0x54b174179ae825ed630da40b625bb3c883cd40ae,0xa2548e7ad6cee01eeb19d49bedb359aea3d8ad1d,16,Cyberkongz
0x54b174179ae825ed630da40b625bb3c883cd40ae,0xac78211b7ed990f6fb1e3461de8f6a5ec0e5b322,1,Cyberkongz
0x54b174179ae825ed630da40b625bb3c883cd40ae,0xb6681a3bd6ee4c7f75958e0676e50f6af790628a,1,Cyberkongz
0x54b174179ae825ed630da40b625bb3c883cd40ae,0xd6296da4015404757f5d3c8abe4c6946302df3ef,1,Cyberkongz
0x54b174179ae825ed630da40b625bb3c883cd40ae,0xe18979f2576856d4199c6abaf4ffdf5672d930bd,1,Cyberkongz
0x54b174179ae825ed630da40b625bb3c883cd40ae,0xe72eb31b59f85b19499a0f3b3260011894fa0d65,1,Cyberkongz
0x54b174179ae825ed630da40b625bb3c883cd40ae,0xf983557ec70fbf1a4b1e247af7bf10247e9b69c4,1,Cyberkongz
0x54b174179ae825ed630da40b625bb3c883cd40ae,0xfe44ed35c5900dbdb70e4b91eaed92b6f339c8b0,1,Cyberkongz
0x553bfc1e4a9c48bcbcebad54aa4cd5b48c8b037d,0xa2548e7ad6cee01eeb19d49bedb359aea3d8ad1d,15,Cyberkongz
0x564bca365d62bcc22db53d032f8dbd35439c9206,0xbace1e5f9cb38f56fa8b096e3fe940d9c34d189d,1,Cyberkongz
0x566ac1ca3ebb8c157f2c0b3f9fd1f7ce5fbec45e,0x610aec3851d7688c4c8aef3a6173f667e8beef73,1,Cyberkongz
0x566ac1ca3ebb8c157f2c0b3f9fd1f7ce5fbec45e,0x6a3e11eb1a49db4503a2546f9046c6f62d51c513,1,Cyberkongz
0x566ac1ca3ebb8c157f2c0b3f9fd1f7ce5fbec45e,0xc37cd5e34ef273f6aefe6900fc9d75563cdcfe03,7,Cyberkongz
0x566ac1ca3ebb8c157f2c0b3f9fd1f7ce5fbec45e,0xfef1b2dc9f48dcc68bf69020a563118e1563ab9a,1,Cyberkongz
0x56be13360f1077e449f5c5cfa38c277dda411f6a,0x721931508df2764fd4f70c53da646cb8aed16ace,1,Cyberkongz
0x5713fd32b5427ac96075b69810d98a48113ba8db,0x99a811e5c62add613975456292f836115aea0164,1,Cyberkongz
0x5713fd32b5427ac96075b69810d98a48113ba8db,0xa2548e7ad6cee01eeb19d49bedb359aea3d8ad1d,1,Cyberkongz
0x5763542e5de5f524037b6c90623d00e0d6099bde,0x84c920595cde2841a719fe5aa8be5166d8e7c6da,1,Cyberkongz
0x5763542e5de5f524037b6c90623d00e0d6099bde,0xae89ad222e67205e8d947f131fdc9fa139828745,1,Cyberkongz
0x5763542e5de5f524037b6c90623d00e0d6099bde,0xb7d9945166e3da89ee4c0947230753d656d116a5,1,Cyberkongz
0x5763542e5de5f524037b6c90623d00e0d6099bde,0xbb9e4d6ea4362e2a44712bb314a557eb0b9ae8d7,1,Cyberkongz
0x5763542e5de5f524037b6c90623d00e0d6099bde,0xc20d8a5bd4c90c86f435ebaf9b3f20628c139d2e,1,Cyberkongz
0x5763542e5de5f524037b6c90623d00e0d6099bde,0xc37cd5e34ef273f6aefe6900fc9d75563cdcfe03,5,Cyberkongz
0x58718c718297d47ba0acf15c5be54be95850a094,0x88923378021bea85f9b09ce571a309e12c7d2262,1,Cyberkongz
0x58718c718297d47ba0acf15c5be54be95850a094,0x8da324f75c882f561a5d44bbd0b1bae26ed17a79,1,Cyberkongz
0x58718c718297d47ba0acf15c5be54be95850a094,0xbc4c9e1905e9fc4090877a779d267cd521980c37,1,Cyberkongz
0x58718c718297d47ba0acf15c5be54be95850a094,0xda6ad74619e62503c4cbefbe02ae05c8f4314591,1,Cyberkongz
0x58718c718297d47ba0acf15c5be54be95850a094,0xf946d2068a549b3225cf188339010a8383dea5f1,2,Cyberkongz
0x58d4547e6cad3b3b8d7ffb69c2f3465de03c8236,0xa2548e7ad6cee01eeb19d49bedb359aea3d8ad1d,3,Cyberkongz
0x5aeedbc6b655c13950f32e5e8a0760d15bbe0afb,0xa2548e7ad6cee01eeb19d49bedb359aea3d8ad1d,11,Cyberkongz
0x5aeedbc6b655c13950f32e5e8a0760d15bbe0afb,0xa683c1b815997a7fa38f6178c84675fc4c79ac2b,1,Cyberkongz
0x5aeedbc6b655c13950f32e5e8a0760d15bbe0afb,0xb8929ebc583c6be5e4fcbf4c49bac722fed3e39c,1,Cyberkongz
0x5aeedbc6b655c13950f32e5e8a0760d15bbe0afb,0xe9822f18f2654e606a8dff9d75edd98367e7c0ae,1,Cyberkongz
0x5b1e7840e97dae8b716317965534fadb490580a1,0xb539d68ce93a81e83886d71bf1bfe4e9d90f85e2,1,Cyberkongz
0x5b1e7840e97dae8b716317965534fadb490580a1,0xb823dc506011eedab6f8feecc88806dbfc55ea93,1,Cyberkongz
0x5b1e7840e97dae8b716317965534fadb490580a1,0xc37cd5e34ef273f6aefe6900fc9d75563cdcfe03,1,Cyberkongz
0x5b331eb6df00b5765894f88e54d2a87128188ec7,0x5ea1d56d0dde1ca5b50c277275855f69edefa169,1,Cyberkongz
0x5b331eb6df00b5765894f88e54d2a87128188ec7,0x962f171449d3dd573ffff59d34cc80e9f87c0e76,1,Cyberkongz
0x5b331eb6df00b5765894f88e54d2a87128188ec7,0x987df219564cd274d32b4b442ffad1a185fc0509,1,Cyberkongz
0x5b331eb6df00b5765894f88e54d2a87128188ec7,0xa683c1b815997a7fa38f6178c84675fc4c79ac2b,1,Cyberkongz
0x5c5fc4680aafa2ced7b5826883c1a26dce05ec4d,0x84c920595cde2841a719fe5aa8be5166d8e7c6da,1,Cyberkongz
0x5c5fc4680aafa2ced7b5826883c1a26dce05ec4d,0x9ec0d9a0130113c5a4bdc8860a48212b462f1b2a,1,Cyberkongz
0x5c5fc4680aafa2ced7b5826883c1a26dce05ec4d,0xa2548e7ad6cee01eeb19d49bedb359aea3d8ad1d,4,Cyberkongz
0x5c5fc4680aafa2ced7b5826883c1a26dce05ec4d,0xc37cd5e34ef273f6aefe6900fc9d75563cdcfe03,1,Cyberkongz
0x5c5fc4680aafa2ced7b5826883c1a26dce05ec4d,0xe9822f18f2654e606a8dff9d75edd98367e7c0ae,1,Cyberkongz
0x5d940f6b5f01d1fc71bad6512b3ffe3afce52960,0xa2548e7ad6cee01eeb19d49bedb359aea3d8ad1d,1,Cyberkongz
0x5d940f6b5f01d1fc71bad6512b3ffe3afce52960,0xb32e083709588a1b3fa9c115c48051e61cbeba0a,1,Cyberkongz
0x5df78e3f3561b03c56347355fb73a8ba63e61f0a,0x84957e6c9f6ccfed9c35c850c3903732ed90858a,1,Cyberkongz
0x5df78e3f3561b03c56347355fb73a8ba63e61f0a,0xa2548e7ad6cee01eeb19d49bedb359aea3d8ad1d,5,Cyberkongz
0x5df78e3f3561b03c56347355fb73a8ba63e61f0a,0xfa6c54de608c9a0a2c2a3220bb7e42b95d1b910b,1,Cyberkongz
0x5ea1d56d0dde1ca5b50c277275855f69edefa169,0x6b347a82fcac4e6a38d1fc40e3631bd8f9495e9f,1,Cyberkongz
0x5ea1d56d0dde1ca5b50c277275855f69edefa169,0x910b48c25afc5b2a998458b62d467d482eca74af,1,Cyberkongz
0x5ea1d56d0dde1ca5b50c277275855f69edefa169,0xc542492296d3537eb3fd16fd775bdf7ab8721c7c,1,Cyberkongz
0x5fd36a4a4bcfe5ea059706a6a09c26b62be4059a,0x665498c14f80647d2a57a1f54eee4aaa9920fae8,1,Cyberkongz
0x5fd36a4a4bcfe5ea059706a6a09c26b62be4059a,0x6b347a82fcac4e6a38d1fc40e3631bd8f9495e9f,1,Cyberkongz
0x5fd36a4a4bcfe5ea059706a6a09c26b62be4059a,0x718b2c8110412b0968f7bfc97f8733d6e063d84e,1,Cyberkongz
0x5fd36a4a4bcfe5ea059706a6a09c26b62be4059a,0x78b21283e86160e943691134aa5f7961cd828630,1,Cyberkongz
0x5fd36a4a4bcfe5ea059706a6a09c26b62be4059a,0x962f171449d3dd573ffff59d34cc80e9f87c0e76,1,Cyberkongz
0x5fd36a4a4bcfe5ea059706a6a09c26b62be4059a,0xa683c1b815997a7fa38f6178c84675fc4c79ac2b,1,Cyberkongz
0x5fd36a4a4bcfe5ea059706a6a09c26b62be4059a,0xb3f0ff36744c1d1b662e51280887fb2f8bce39f2,1,Cyberkongz
0x5fd36a4a4bcfe5ea059706a6a09c26b62be4059a,0xb4a90135a4d412cbf08a328b96a13ada3e07b7eb,1,Cyberkongz
0x5fd36a4a4bcfe5ea059706a6a09c26b62be4059a,0xb6681a3bd6ee4c7f75958e0676e50f6af790628a,1,Cyberkongz
0x5fd36a4a4bcfe5ea059706a6a09c26b62be4059a,0xb823dc506011eedab6f8feecc88806dbfc55ea93,1,Cyberkongz
0x5fd36a4a4bcfe5ea059706a6a09c26b62be4059a,0xbc9ca5bd0f07700929f8d538233b0a9e60f4ddc5,1,Cyberkongz
0x5fd36a4a4bcfe5ea059706a6a09c26b62be4059a,0xc8847457af2aacb99955d376b2359bbeb769dabf,1,Cyberkongz
0x5fd36a4a4bcfe5ea059706a6a09c26b62be4059a,0xc8a974a97f6a7f57b6ce09aed5905d5547039f11,1,Cyberkongz
0x5fd36a4a4bcfe5ea059706a6a09c26b62be4059a,0xe0f94903b58dfb0afb14109fac17e2c41ed78f47,3,Cyberkongz
0x5fd36a4a4bcfe5ea059706a6a09c26b62be4059a,0xe794fde22aac93e0071483bc814d73655d42bba3,1,Cyberkongz
0x5fd36a4a4bcfe5ea059706a6a09c26b62be4059a,0xf38ba39310adfe693f549c3deccbaa352d35835d,1,Cyberkongz
0x5fd36a4a4bcfe5ea059706a6a09c26b62be4059a,0xf946d2068a549b3225cf188339010a8383dea5f1,1,Cyberkongz
0x60393ec1b7dcf7ec4cdb1a07548eeb7cf3b261ef,0x7924385c810b8deece8058d4df2bece6ebe9391c,1,Cyberkongz
0x60393ec1b7dcf7ec4cdb1a07548eeb7cf3b261ef,0x9ec0d9a0130113c5a4bdc8860a48212b462f1b2a,1,Cyberkongz
0x60393ec1b7dcf7ec4cdb1a07548eeb7cf3b261ef,0xb765b07aa73c4a59db816bc1a821411077052b29,1,Cyberkongz
0x60393ec1b7dcf7ec4cdb1a07548eeb7cf3b261ef,0xc24dbef4d4fca515d6198396d5f4c9db8599b4b7,1,Cyberkongz
0x610aec3851d7688c4c8aef3a6173f667e8beef73,0xb823dc506011eedab6f8feecc88806dbfc55ea93,3,Cyberkongz
0x610aec3851d7688c4c8aef3a6173f667e8beef73,0xc37cd5e34ef273f6aefe6900fc9d75563cdcfe03,4,Cyberkongz
0x610aec3851d7688c4c8aef3a6173f667e8beef73,0xca9b022976adfd4d6ee7bf97be6fee8689d45cf1,1,Cyberkongz
0x610aec3851d7688c4c8aef3a6173f667e8beef73,0xe0f94903b58dfb0afb14109fac17e2c41ed78f47,1,Cyberkongz
0x610aec3851d7688c4c8aef3a6173f667e8beef73,0xfeae8ec4afee29c939ca62749e2e6329c27d48ce,1,Cyberkongz
0x62391b370a4761f7087f83d9d2c8d7bfa91036ab,0x769b44f86abfc9af485e9f208d5083d1ea6290c6,1,Cyberkongz
0x62391b370a4761f7087f83d9d2c8d7bfa91036ab,0xa2548e7ad6cee01eeb19d49bedb359aea3d8ad1d,4,Cyberkongz
0x62391b370a4761f7087f83d9d2c8d7bfa91036ab,0xc37cd5e34ef273f6aefe6900fc9d75563cdcfe03,2,Cyberkongz
0x6301add4fb128de9778b8651a2a9278b86761423,0x82b1f29c5608238df2618f996827933c0d844079,1,Cyberkongz
0x6301add4fb128de9778b8651a2a9278b86761423,0xa2548e7ad6cee01eeb19d49bedb359aea3d8ad1d,40,Cyberkongz
0x6301add4fb128de9778b8651a2a9278b86761423,0xb75e6a898f4d7dd32efea8d27094432b0f90618d,3,Cyberkongz
0x6634f9d0c6b7fb5764312bd0c91556f51e67e544,0xf9b7850ee758ca9878a052aeed04f24a50531ea1,1,Cyberkongz
0x665498c14f80647d2a57a1f54eee4aaa9920fae8,0xcd07cc93ddd79d0946f9bb3157fe0b5991a227f3,1,Cyberkongz
0x6656a7896fdb819ab0b12853de57e0c33c59aa29,0xa2548e7ad6cee01eeb19d49bedb359aea3d8ad1d,1,Cyberkongz
0x6656a7896fdb819ab0b12853de57e0c33c59aa29,0xab10fb5ea07506b8d3236e25ff5dc60400900da8,1,Cyberkongz
0x66c3d1948edb3ef275dd7b7101788196e22a372d,0xd28fde3707332972db5befbe77d5bfa3d515c929,1,Cyberkongz
0x66c3d1948edb3ef275dd7b7101788196e22a372d,0xe72eb31b59f85b19499a0f3b3260011894fa0d65,1,Cyberkongz
0x673c0e7a193a2fdbf4e6cc972a8054a43dff4cd0,0xa5f123d4cbbe75646bc3d22486e611687ffcc842,1,Cyberkongz
0x67ca64e6d0a97bae9d85b6b005a0ccdd876ab896,0x81248e53c2aea91dc28174df9f9bbdc3ac76b534,1,Cyberkongz
0x67ca64e6d0a97bae9d85b6b005a0ccdd876ab896,0xc37cd5e34ef273f6aefe6900fc9d75563cdcfe03,1,Cyberkongz
0x690b1cbbd53dd2a4c4f0001910148452866e3d52,0xa2548e7ad6cee01eeb19d49bedb359aea3d8ad1d,1,Cyberkongz
0x69f285ed2e881af4291ff1d948ff6830d10ab127,0xbace1e5f9cb38f56fa8b096e3fe940d9c34d189d,1,Cyberkongz
0x6a3e11eb1a49db4503a2546f9046c6f62d51c513,0x6ca5ed8701aca14c1062c469e5498024c9f6c740,1,Cyberkongz
0x6a3e11eb1a49db4503a2546f9046c6f62d51c513,0x704c978d50590b21e4c2f43eb4da24fe61fcd707,1,Cyberkongz
0x6a3e11eb1a49db4503a2546f9046c6f62d51c513,0xa0c87ae80095ee705e05e38ec1c77daa12f91ceb,1,Cyberkongz
0x6a3e11eb1a49db4503a2546f9046c6f62d51c513,0xa560d704935dfa40ad8e1b46e27b219e52d49d4c,1,Cyberkongz
0x6a3e11eb1a49db4503a2546f9046c6f62d51c513,0xb3f0ff36744c1d1b662e51280887fb2f8bce39f2,1,Cyberkongz
0x6a3e11eb1a49db4503a2546f9046c6f62d51c513,0xbc9ca5bd0f07700929f8d538233b0a9e60f4ddc5,1,Cyberkongz
0x6b495ba337b58a1ae9fc3bfb5c5e8c6886feaec3,0xc36751c53cf2db5e233c8eb5fba3002ae795f7dd,1,Cyberkongz
0x6db6921ef86c67c39b4e7ed06efdb9cd3572c4d1,0x9c83385dcd075c6cdd7d436d092e99487a696d7a,1,Cyberkongz
0x6db6921ef86c67c39b4e7ed06efdb9cd3572c4d1,0xa2548e7ad6cee01eeb19d49bedb359aea3d8ad1d,1,Cyberkongz
0x6e36de4db8210e641d13703545b4aca6fd02e116,0xc11192ba53a1bb8e5a1782351167650576746267,1,Cyberkongz
0x6e43d04a2c8b8dc3a6fa9dd35711559b493543d1,0xe794fde22aac93e0071483bc814d73655d42bba3,1,Cyberkongz
0x6f35b0cfc58eb1e21eef8a439bbb0ce4c929d32a,0xa2548e7ad6cee01eeb19d49bedb359aea3d8ad1d,13,Cyberkongz
0x704c978d50590b21e4c2f43eb4da24fe61fcd707,0x72513c82198a8fc08bcf48473f9238cfbdd5a299,1,Cyberkongz
0x704c978d50590b21e4c2f43eb4da24fe61fcd707,0xa2548e7ad6cee01eeb19d49bedb359aea3d8ad1d,5,Cyberkongz
0x704c978d50590b21e4c2f43eb4da24fe61fcd707,0xcb8172da4bf02e759f8c98acda2fa01b83bf1057,1,Cyberkongz
0x704c978d50590b21e4c2f43eb4da24fe61fcd707,0xfaded16020366f4468719125e7d3a81810ea46c5,1,Cyberkongz
0x708cf0f91091aaf78185d1db07a9db6b813cfd30,0xcddee772926d631cadd0aa8f8033421c4fe55f10,1,Cyberkongz
0x718b2c8110412b0968f7bfc97f8733d6e063d84e,0xa2548e7ad6cee01eeb19d49bedb359aea3d8ad1d,3,Cyberkongz
0x718b2c8110412b0968f7bfc97f8733d6e063d84e,0xe579cb4431b92f64a6e02fa4ca9e5091049b8392,1,Cyberkongz
0x721931508df2764fd4f70c53da646cb8aed16ace,0x728a8a6353ee822481a83e9cc7b408cc8ac24f8e,1,Cyberkongz
0x721931508df2764fd4f70c53da646cb8aed16ace,0x793acdce9db7bc3269513652923d543b4818e817,1,Cyberkongz
0x721931508df2764fd4f70c53da646cb8aed16ace,0x7c9d5f4313a413ea5eb4fa91ec58b5efd5034d47,2,Cyberkongz
0x721931508df2764fd4f70c53da646cb8aed16ace,0x852c6dabd85b50db8779dfef7c386411283aff6b,1,Cyberkongz
0x721931508df2764fd4f70c53da646cb8aed16ace,0x910b48c25afc5b2a998458b62d467d482eca74af,2,Cyberkongz
0x721931508df2764fd4f70c53da646cb8aed16ace,0x951b6d50d07c39b0f97a7bb2f5c1e96f07a093d3,1,Cyberkongz
0x721931508df2764fd4f70c53da646cb8aed16ace,0xa2548e7ad6cee01eeb19d49bedb359aea3d8ad1d,47,Cyberkongz
0x721931508df2764fd4f70c53da646cb8aed16ace,0xb273b47a788aa305c5c65fa6b56159a4d306d788,1,Cyberkongz
0x721931508df2764fd4f70c53da646cb8aed16ace,0xb6681a3bd6ee4c7f75958e0676e50f6af790628a,1,Cyberkongz
0x721931508df2764fd4f70c53da646cb8aed16ace,0xb75e6a898f4d7dd32efea8d27094432b0f90618d,1,Cyberkongz
0x721931508df2764fd4f70c53da646cb8aed16ace,0xb823dc506011eedab6f8feecc88806dbfc55ea93,1,Cyberkongz
0x721931508df2764fd4f70c53da646cb8aed16ace,0xc37cd5e34ef273f6aefe6900fc9d75563cdcfe03,1,Cyberkongz
0x721931508df2764fd4f70c53da646cb8aed16ace,0xcaf6fd54fb74c95b28f5e94952ca21b46e4071cc,1,Cyberkongz
0x721931508df2764fd4f70c53da646cb8aed16ace,0xcc47fcbfdd6e558fb39cf5ef4d92e59890476b86,1,Cyberkongz
0x721931508df2764fd4f70c53da646cb8aed16ace,0xd6296da4015404757f5d3c8abe4c6946302df3ef,1,Cyberkongz
0x721931508df2764fd4f70c53da646cb8aed16ace,0xd78901d07221edc5f7af21ad59a392a50e406d52,1,Cyberkongz
0x721931508df2764fd4f70c53da646cb8aed16ace,0xd83410edf02ee6c9f801fc81fdc89f712f84a81e,1,Cyberkongz
0x721931508df2764fd4f70c53da646cb8aed16ace,0xdebfc8c83deea6a17fb55ba4d603f6dd82e35440,2,Cyberkongz
0x721931508df2764fd4f70c53da646cb8aed16ace,0xe0f94903b58dfb0afb14109fac17e2c41ed78f47,1,Cyberkongz
0x721931508df2764fd4f70c53da646cb8aed16ace,0xe18979f2576856d4199c6abaf4ffdf5672d930bd,1,Cyberkongz
0x728a8a6353ee822481a83e9cc7b408cc8ac24f8e,0xa2548e7ad6cee01eeb19d49bedb359aea3d8ad1d,1,Cyberkongz
0x75cee30b743d77f6b27f5a187ae1610a43f3b906,0x987df219564cd274d32b4b442ffad1a185fc0509,1,Cyberkongz
0x75cee30b743d77f6b27f5a187ae1610a43f3b906,0xa2548e7ad6cee01eeb19d49bedb359aea3d8ad1d,4,Cyberkongz
0x75cee30b743d77f6b27f5a187ae1610a43f3b906,0xf8040a6f2c160ce941ecd7bdb4c304fe26a19c9a,1,Cyberkongz
0x769b44f86abfc9af485e9f208d5083d1ea6290c6,0xf4a37c68e83ea9f7d3f3e1ea65077223002609af,1,Cyberkongz
0x77511e047a3bafa205ed839f5af56f0b99341c26,0xa2548e7ad6cee01eeb19d49bedb359aea3d8ad1d,2,Cyberkongz
0x77511e047a3bafa205ed839f5af56f0b99341c26,0xb27cada5ece909e8c953897f8036547997fe03ad,1,Cyberkongz
0x77511e047a3bafa205ed839f5af56f0b99341c26,0xfa6c54de608c9a0a2c2a3220bb7e42b95d1b910b,1,Cyberkongz
0x78b8692932b5fe62e9021638bdbce06d865bebe0,0x84957e6c9f6ccfed9c35c850c3903732ed90858a,1,Cyberkongz
0x78b8692932b5fe62e9021638bdbce06d865bebe0,0x8bee1ca8b0f0639a4220f9894f91c854a0687885,1,Cyberkongz
0x78b8692932b5fe62e9021638bdbce06d865bebe0,0xa2548e7ad6cee01eeb19d49bedb359aea3d8ad1d,3,Cyberkongz
0x78b8692932b5fe62e9021638bdbce06d865bebe0,0xe9822f18f2654e606a8dff9d75edd98367e7c0ae,1,Cyberkongz
0x7924385c810b8deece8058d4df2bece6ebe9391c,0xa2548e7ad6cee01eeb19d49bedb359aea3d8ad1d,2,Cyberkongz
0x793acdce9db7bc3269513652923d543b4818e817,0x84957e6c9f6ccfed9c35c850c3903732ed90858a,1,Cyberkongz
0x793acdce9db7bc3269513652923d543b4818e817,0x96236adb640ec620a85898378375cedf03ca21ff,1,Cyberkongz
0x793acdce9db7bc3269513652923d543b4818e817,0xa2548e7ad6cee01eeb19d49bedb359aea3d8ad1d,3,Cyberkongz
0x793acdce9db7bc3269513652923d543b4818e817,0xb14be0a9f67ef3e8bbf44cfc516ad17d186b3aa2,1,Cyberkongz
0x793acdce9db7bc3269513652923d543b4818e817,0xbdb9cf46a47334dd066a79bf9ff4e5151bb7556b,1,Cyberkongz
0x793acdce9db7bc3269513652923d543b4818e817,0xc37cd5e34ef273f6aefe6900fc9d75563cdcfe03,5,Cyberkongz
0x793acdce9db7bc3269513652923d543b4818e817,0xca9b022976adfd4d6ee7bf97be6fee8689d45cf1,1,Cyberkongz
0x793acdce9db7bc3269513652923d543b4818e817,0xe9822f18f2654e606a8dff9d75edd98367e7c0ae,1,Cyberkongz
0x793acdce9db7bc3269513652923d543b4818e817,0xf40b3d16ae26262db9b19e0ec80d8a490c40bdcb,1,Cyberkongz
0x7a267ab259c4369c44112a67dae90afa858f2b35,0x8135d8ccd2acbe575ebf1827349185df7185cf97,1,Cyberkongz
0x7a267ab259c4369c44112a67dae90afa858f2b35,0xa2548e7ad6cee01eeb19d49bedb359aea3d8ad1d,2,Cyberkongz
0x7a267ab259c4369c44112a67dae90afa858f2b35,0xf946d2068a549b3225cf188339010a8383dea5f1,1,Cyberkongz
0x7b7736a2c07c4332ffad45a039d2117ae15e3f66,0xbc9ca5bd0f07700929f8d538233b0a9e60f4ddc5,1,Cyberkongz
0x7b7736a2c07c4332ffad45a039d2117ae15e3f66,0xe9822f18f2654e606a8dff9d75edd98367e7c0ae,1,Cyberkongz
0x7c6553933a471b43ce3a76a02245c5162c82522c,0xd0c5b14684371d5878f413dfeb68e959394b54a3,1,Cyberkongz
0x7c9d5f4313a413ea5eb4fa91ec58b5efd5034d47,0x92f93fadcacb86f6bd163a87a0944341b838cc62,1,Cyberkongz
0x7c9d5f4313a413ea5eb4fa91ec58b5efd5034d47,0x9ec0d9a0130113c5a4bdc8860a48212b462f1b2a,1,Cyberkongz
0x7c9d5f4313a413ea5eb4fa91ec58b5efd5034d47,0xa2548e7ad6cee01eeb19d49bedb359aea3d8ad1d,9,Cyberkongz
0x7c9d5f4313a413ea5eb4fa91ec58b5efd5034d47,0xe9822f18f2654e606a8dff9d75edd98367e7c0ae,1,Cyberkongz
0x7fb8efca9be6af15f16d57e1d867026a830a9564,0xa2548e7ad6cee01eeb19d49bedb359aea3d8ad1d,1,Cyberkongz
0x801abde79477c69720008e273fe267806c28c7c1,0xa2548e7ad6cee01eeb19d49bedb359aea3d8ad1d,1,Cyberkongz
0x81248e53c2aea91dc28174df9f9bbdc3ac76b534,0xbc9ca5bd0f07700929f8d538233b0a9e60f4ddc5,1,Cyberkongz
0x822bac563288e76ab0ec2ea05281eba9519d8690,0xa2548e7ad6cee01eeb19d49bedb359aea3d8ad1d,2,Cyberkongz
0x822bac563288e76ab0ec2ea05281eba9519d8690,0xc37cd5e34ef273f6aefe6900fc9d75563cdcfe03,1,Cyberkongz
0x822bac563288e76ab0ec2ea05281eba9519d8690,0xc8847457af2aacb99955d376b2359bbeb769dabf,1,Cyberkongz
0x83bb781a2a2ca1fec0350f178c911848811cc440,0xb8929ebc583c6be5e4fcbf4c49bac722fed3e39c,1,Cyberkongz
0x84957e6c9f6ccfed9c35c850c3903732ed90858a,0x88923378021bea85f9b09ce571a309e12c7d2262,1,Cyberkongz
0x84c920595cde2841a719fe5aa8be5166d8e7c6da,0xb8929ebc583c6be5e4fcbf4c49bac722fed3e39c,1,Cyberkongz
0x84c920595cde2841a719fe5aa8be5166d8e7c6da,0xc37cd5e34ef273f6aefe6900fc9d75563cdcfe03,2,Cyberkongz
0x84c920595cde2841a719fe5aa8be5166d8e7c6da,0xd14061a262af779bc869de01f66389a2734973f4,1,Cyberkongz
0x84c920595cde2841a719fe5aa8be5166d8e7c6da,0xe794fde22aac93e0071483bc814d73655d42bba3,1,Cyberkongz
0x84c920595cde2841a719fe5aa8be5166d8e7c6da,0xed6553e128eebc178ad4d32f7a35b33b21c7461d,1,Cyberkongz
0x852c6dabd85b50db8779dfef7c386411283aff6b,0x910b48c25afc5b2a998458b62d467d482eca74af,1,Cyberkongz
0x852c6dabd85b50db8779dfef7c386411283aff6b,0xb565d528f1dd07db0bb07fca2e7a5af29aa90847,1,Cyberkongz
0x852c6dabd85b50db8779dfef7c386411283aff6b,0xf9b7850ee758ca9878a052aeed04f24a50531ea1,1,Cyberkongz
0x85a1f25ea31e9850b63943f2e21f306d0536f018,0xac02744d1796717ab6e93264becf7086530376db,1,Cyberkongz
0x862b6978b4d30e6068216c707d8b4de5082c007a,0xb4a90135a4d412cbf08a328b96a13ada3e07b7eb,1,Cyberkongz
0x862b6978b4d30e6068216c707d8b4de5082c007a,0xcb114805b901f7a9c38d5675272ef26459a7d805,1,Cyberkongz
0x88923378021bea85f9b09ce571a309e12c7d2262,0x89281cb636df3755536c0a99e209802896191c23,1,Cyberkongz
0x88923378021bea85f9b09ce571a309e12c7d2262,0x8d8203f7f9137c9d59f0cf64e9af38f4df8f487f,1,Cyberkongz
0x88923378021bea85f9b09ce571a309e12c7d2262,0x910b48c25afc5b2a998458b62d467d482eca74af,1,Cyberkongz
0x88923378021bea85f9b09ce571a309e12c7d2262,0xa2548e7ad6cee01eeb19d49bedb359aea3d8ad1d,12,Cyberkongz
0x88923378021bea85f9b09ce571a309e12c7d2262,0xad8c7a19bc29ba104cedab894c01d1722ce185e8,1,Cyberkongz
0x88923378021bea85f9b09ce571a309e12c7d2262,0xafe7309fd01a5e6d5a258e911461ecb9558fbfdf,1,Cyberkongz
0x88923378021bea85f9b09ce571a309e12c7d2262,0xb8929ebc583c6be5e4fcbf4c49bac722fed3e39c,1,Cyberkongz
0x88923378021bea85f9b09ce571a309e12c7d2262,0xbc9ca5bd0f07700929f8d538233b0a9e60f4ddc5,3,Cyberkongz
0x88923378021bea85f9b09ce571a309e12c7d2262,0xc37cd5e34ef273f6aefe6900fc9d75563cdcfe03,1,Cyberkongz
0x88923378021bea85f9b09ce571a309e12c7d2262,0xc409134827440024347e27b2826dfd3d42a2967b,2,Cyberkongz
0x88923378021bea85f9b09ce571a309e12c7d2262,0xca8c27d432f61b3bdeaae160d25da85560087c94,1,Cyberkongz
0x88923378021bea85f9b09ce571a309e12c7d2262,0xda31337b6167ba74a797e796ba604d2f97527e9f,1,Cyberkongz
0x88923378021bea85f9b09ce571a309e12c7d2262,0xda6ad74619e62503c4cbefbe02ae05c8f4314591,1,Cyberkongz
0x88923378021bea85f9b09ce571a309e12c7d2262,0xdfc70f5205a2bc1bd44219fd852d720d7a36c5b8,2,Cyberkongz
0x88923378021bea85f9b09ce571a309e12c7d2262,0xe794fde22aac93e0071483bc814d73655d42bba3,3,Cyberkongz
0x88923378021bea85f9b09ce571a309e12c7d2262,0xedd831ece7c9eaffa7a6c5e1c31e6a644661f3a3,1,Cyberkongz
0x88923378021bea85f9b09ce571a309e12c7d2262,0xf40b3d16ae26262db9b19e0ec80d8a490c40bdcb,1,Cyberkongz
0x88923378021bea85f9b09ce571a309e12c7d2262,0xf86a588f3604e3b12899f710e3d572f76ffb94b8,1,Cyberkongz
0x89281cb636df3755536c0a99e209802896191c23,0x9c83385dcd075c6cdd7d436d092e99487a696d7a,1,Cyberkongz
0x89506dcf95701a674e332d0a37f22238ec4d703b,0xa2548e7ad6cee01eeb19d49bedb359aea3d8ad1d,1,Cyberkongz
0x89506dcf95701a674e332d0a37f22238ec4d703b,0xe18979f2576856d4199c6abaf4ffdf5672d930bd,1,Cyberkongz
0x8995eecc4ac2aaf85fe65d78f3c72bd453d53e63,0xab10fb5ea07506b8d3236e25ff5dc60400900da8,1,Cyberkongz
0x8bbe743d57acb00e2f555c12fc5c752b069b9bee,0x8d8203f7f9137c9d59f0cf64e9af38f4df8f487f,1,Cyberkongz
0x8bbe743d57acb00e2f555c12fc5c752b069b9bee,0xa2548e7ad6cee01eeb19d49bedb359aea3d8ad1d,16,Cyberkongz
0x8bbe743d57acb00e2f555c12fc5c752b069b9bee,0xfa6c54de608c9a0a2c2a3220bb7e42b95d1b910b,1,Cyberkongz
0x8c8ddf9a1390886525866f651ad0ef1947d10897,0xa2548e7ad6cee01eeb19d49bedb359aea3d8ad1d,1,Cyberkongz
0x8da324f75c882f561a5d44bbd0b1bae26ed17a79,0xa2548e7ad6cee01eeb19d49bedb359aea3d8ad1d,2,Cyberkongz
0x8fb557b9e2e8ba9a44dd30a1c14cd1ca68424e41,0xfb49cf9dcd66b287f9004c556bb2f1a30b03b62b,1,Cyberkongz
0x90b298f5ff8a52d15c2709087f327af698fe9729,0xd74261e1576d05c62a1388951db1fe59ea789638,2,Cyberkongz
0x90c19fea1ef7beba9274217431f148094795b074,0xbc9ca5bd0f07700929f8d538233b0a9e60f4ddc5,1,Cyberkongz
0x910b48c25afc5b2a998458b62d467d482eca74af,0x99a811e5c62add613975456292f836115aea0164,1,Cyberkongz
0x910b48c25afc5b2a998458b62d467d482eca74af,0xa2548e7ad6cee01eeb19d49bedb359aea3d8ad1d,10,Cyberkongz
0x910b48c25afc5b2a998458b62d467d482eca74af,0xf271fca7f2896c43db0251676c5bfc61e6e51042,1,Cyberkongz
0x910b48c25afc5b2a998458b62d467d482eca74af,0xf89f92b81894c9c89b5a5964df2fcff5727c2599,1,Cyberkongz
0x921efdb676f33cdcc28dd77d16f0cc739784c98c,0xa2548e7ad6cee01eeb19d49bedb359aea3d8ad1d,1,Cyberkongz
0x92916c8d4e144f450d58207d85e2c6ab0c97cd14,0xe72eb31b59f85b19499a0f3b3260011894fa0d65,1,Cyberkongz
0x92f93fadcacb86f6bd163a87a0944341b838cc62,0x987df219564cd274d32b4b442ffad1a185fc0509,1,Cyberkongz
0x92f93fadcacb86f6bd163a87a0944341b838cc62,0xc37cd5e34ef273f6aefe6900fc9d75563cdcfe03,1,Cyberkongz
0x92f93fadcacb86f6bd163a87a0944341b838cc62,0xeabdf7d6adab860a0fc332352c83ecabd304d176,1,Cyberkongz
0x92f93fadcacb86f6bd163a87a0944341b838cc62,0xf983557ec70fbf1a4b1e247af7bf10247e9b69c4,1,Cyberkongz
0x951b6d50d07c39b0f97a7bb2f5c1e96f07a093d3,0xa2548e7ad6cee01eeb19d49bedb359aea3d8ad1d,5,Cyberkongz
0x951b6d50d07c39b0f97a7bb2f5c1e96f07a093d3,0xb539d68ce93a81e83886d71bf1bfe4e9d90f85e2,1,Cyberkongz
0x951b6d50d07c39b0f97a7bb2f5c1e96f07a093d3,0xb8929ebc583c6be5e4fcbf4c49bac722fed3e39c,1,Cyberkongz
0x953750e591c92d11148a020bba02b21a6a76cc14,0xb75e6a898f4d7dd32efea8d27094432b0f90618d,1,Cyberkongz
0x956944ccc89e92aecbcfbacc975550a7f1e7260a,0xa2548e7ad6cee01eeb19d49bedb359aea3d8ad1d,2,Cyberkongz
0x956944ccc89e92aecbcfbacc975550a7f1e7260a,0xf40b3d16ae26262db9b19e0ec80d8a490c40bdcb,1,Cyberkongz
0x96236adb640ec620a85898378375cedf03ca21ff,0x9ec0d9a0130113c5a4bdc8860a48212b462f1b2a,1,Cyberkongz
0x96236adb640ec620a85898378375cedf03ca21ff,0xa2548e7ad6cee01eeb19d49bedb359aea3d8ad1d,5,Cyberkongz
0x962f171449d3dd573ffff59d34cc80e9f87c0e76,0xc8a974a97f6a7f57b6ce09aed5905d5547039f11,1,Cyberkongz
0x987df219564cd274d32b4b442ffad1a185fc0509,0x99a811e5c62add613975456292f836115aea0164,1,Cyberkongz
0x987df219564cd274d32b4b442ffad1a185fc0509,0x9ec0d9a0130113c5a4bdc8860a48212b462f1b2a,1,Cyberkongz
0x987df219564cd274d32b4b442ffad1a185fc0509,0xa2548e7ad6cee01eeb19d49bedb359aea3d8ad1d,57,Cyberkongz
0x987df219564cd274d32b4b442ffad1a185fc0509,0xb4a90135a4d412cbf08a328b96a13ada3e07b7eb,1,Cyberkongz
0x987df219564cd274d32b4b442ffad1a185fc0509,0xe72eb31b59f85b19499a0f3b3260011894fa0d65,1,Cyberkongz
0x987df219564cd274d32b4b442ffad1a185fc0509,0xf8040a6f2c160ce941ecd7bdb4c304fe26a19c9a,1,Cyberkongz
0x98cc5ccc2782446db36f663cef2e0534175d5725,0xa2548e7ad6cee01eeb19d49bedb359aea3d8ad1d,1,Cyberkongz
0x98cc5ccc2782446db36f663cef2e0534175d5725,0xf2ece13fdd96e865bad9b109cb61244560fe09ba,1,Cyberkongz
0x98e9de3364f73824b06fc6531c42b85e67a4a98c,0xa2548e7ad6cee01eeb19d49bedb359aea3d8ad1d,16,Cyberkongz
0x98e9de3364f73824b06fc6531c42b85e67a4a98c,0xb75e6a898f4d7dd32efea8d27094432b0f90618d,1,Cyberkongz
0x99799dbb5a66b2ed2499524a741ab7911236db1c,0xb4a90135a4d412cbf08a328b96a13ada3e07b7eb,1,Cyberkongz
0x99a811e5c62add613975456292f836115aea0164,0xc542492296d3537eb3fd16fd775bdf7ab8721c7c,1,Cyberkongz
0x99a811e5c62add613975456292f836115aea0164,0xd6296da4015404757f5d3c8abe4c6946302df3ef,1,Cyberkongz
0x9ba74ba6c4fd92646985afa5d6a8edb4f2a38ba5,0xa23af1e42530c43b0993383439030bce81a4b3fa,1,Cyberkongz
0x9c83385dcd075c6cdd7d436d092e99487a696d7a,0xa2548e7ad6cee01eeb19d49bedb359aea3d8ad1d,3,Cyberkongz
0x9c83385dcd075c6cdd7d436d092e99487a696d7a,0xc20d8a5bd4c90c86f435ebaf9b3f20628c139d2e,1,Cyberkongz
0x9d21918e3eae3d1861c8ae731ebcc1b6b90d67af,0xa2548e7ad6cee01eeb19d49bedb359aea3d8ad1d,1,Cyberkongz
0x9ec0d9a0130113c5a4bdc8860a48212b462f1b2a,0xa7305315c881ef6ad15324d9b3e7b089cfee0f7e,1,Cyberkongz
0x9ec0d9a0130113c5a4bdc8860a48212b462f1b2a,0xd543a0be0684f0556786586b83f4c9fd16a4dc35,2,Cyberkongz
0x9ec0d9a0130113c5a4bdc8860a48212b462f1b2a,0xde76254023dc9edb1d9d89dc75798b4ca0ccc4db,1,Cyberkongz
0x9f5c28da8f8622d36dc0f596142d66bb1512bab5,0xf8040a6f2c160ce941ecd7bdb4c304fe26a19c9a,1,Cyberkongz
0xa012623c2d4eb0cfe921bd283bb1823370ae2737,0xa2548e7ad6cee01eeb19d49bedb359aea3d8ad1d,2,Cyberkongz
0xa03585bad4ca10f1b70805184bedb114f708417d,0xa2548e7ad6cee01eeb19d49bedb359aea3d8ad1d,1,Cyberkongz
0xa03585bad4ca10f1b70805184bedb114f708417d,0xa81eac3009bd6e6cce36602d6851fda789ddc3bb,1,Cyberkongz
0xa03585bad4ca10f1b70805184bedb114f708417d,0xb75e6a898f4d7dd32efea8d27094432b0f90618d,1,Cyberkongz
0xa13bf3555194c8a65c2ac6324731852d6ecf2638,0xa2548e7ad6cee01eeb19d49bedb359aea3d8ad1d,3,Cyberkongz
0xa13bf3555194c8a65c2ac6324731852d6ecf2638,0xb8929ebc583c6be5e4fcbf4c49bac722fed3e39c,1,Cyberkongz
0xa13bf3555194c8a65c2ac6324731852d6ecf2638,0xd71a41ec000089ae99873afb4d15cc7d54dd95bc,1,Cyberkongz
0xa2548e7ad6cee01eeb19d49bedb359aea3d8ad1d,0xa2ec94c586ba1020037104ae5912dc7b436180e1,2,Cyberkongz
0xa2548e7ad6cee01eeb19d49bedb359aea3d8ad1d,0xaa73a811a4898ca0e116376be752b3960d554021,3,Cyberkongz
0xa2548e7ad6cee01eeb19d49bedb359aea3d8ad1d,0xac02744d1796717ab6e93264becf7086530376db,4,Cyberkongz
0xa2548e7ad6cee01eeb19d49bedb359aea3d8ad1d,0xad9f11d1dd6d202243473a0cdae606308ab243b4,4,Cyberkongz
0xa2548e7ad6cee01eeb19d49bedb359aea3d8ad1d,0xb1e302b3a3b0de2173c1a1c2de19d2868b7c446d,1,Cyberkongz
0xa2548e7ad6cee01eeb19d49bedb359aea3d8ad1d,0xb273b47a788aa305c5c65fa6b56159a4d306d788,3,Cyberkongz
0xa2548e7ad6cee01eeb19d49bedb359aea3d8ad1d,0xb3f0ff36744c1d1b662e51280887fb2f8bce39f2,3,Cyberkongz
0xa2548e7ad6cee01eeb19d49bedb359aea3d8ad1d,0xb4a90135a4d412cbf08a328b96a13ada3e07b7eb,10,Cyberkongz
0xa2548e7ad6cee01eeb19d49bedb359aea3d8ad1d,0xb7d9945166e3da89ee4c0947230753d656d116a5,3,Cyberkongz
0xa2548e7ad6cee01eeb19d49bedb359aea3d8ad1d,0xb823dc506011eedab6f8feecc88806dbfc55ea93,10,Cyberkongz
0xa2548e7ad6cee01eeb19d49bedb359aea3d8ad1d,0xbace1e5f9cb38f56fa8b096e3fe940d9c34d189d,1,Cyberkongz
0xa2548e7ad6cee01eeb19d49bedb359aea3d8ad1d,0xbb9e4d6ea4362e2a44712bb314a557eb0b9ae8d7,1,Cyberkongz
0xa2548e7ad6cee01eeb19d49bedb359aea3d8ad1d,0xbc4c9e1905e9fc4090877a779d267cd521980c37,6,Cyberkongz
0xa2548e7ad6cee01eeb19d49bedb359aea3d8ad1d,0xbc9ca5bd0f07700929f8d538233b0a9e60f4ddc5,21,Cyberkongz
0xa2548e7ad6cee01eeb19d49bedb359aea3d8ad1d,0xbf3e23afd790e34a39d2e5b465f57e0ed74b3b9a,1,Cyberkongz
0xa2548e7ad6cee01eeb19d49bedb359aea3d8ad1d,0xbff231712560ae7a8773a3969f247ba85359664d,1,Cyberkongz
0xa2548e7ad6cee01eeb19d49bedb359aea3d8ad1d,0xc20d8a5bd4c90c86f435ebaf9b3f20628c139d2e,5,Cyberkongz
0xa2548e7ad6cee01eeb19d49bedb359aea3d8ad1d,0xc33686b33197fc69a19c724292d47c6c18c5c0bf,1,Cyberkongz
0xa2548e7ad6cee01eeb19d49bedb359aea3d8ad1d,0xc36751c53cf2db5e233c8eb5fba3002ae795f7dd,5,Cyberkongz
0xa2548e7ad6cee01eeb19d49bedb359aea3d8ad1d,0xc37cd5e34ef273f6aefe6900fc9d75563cdcfe03,76,Cyberkongz
0xa2548e7ad6cee01eeb19d49bedb359aea3d8ad1d,0xc46db2d89327d4c41eb81c43ed5e3dff111f9a8f,2,Cyberkongz
0xa2548e7ad6cee01eeb19d49bedb359aea3d8ad1d,0xc542492296d3537eb3fd16fd775bdf7ab8721c7c,3,Cyberkongz
0xa2548e7ad6cee01eeb19d49bedb359aea3d8ad1d,0xc8a974a97f6a7f57b6ce09aed5905d5547039f11,6,Cyberkongz
0xa2548e7ad6cee01eeb19d49bedb359aea3d8ad1d,0xc98571d9e43c54aa37c977857c251f387b6b3fd5,1,Cyberkongz
0xa2548e7ad6cee01eeb19d49bedb359aea3d8ad1d,0xca8c27d432f61b3bdeaae160d25da85560087c94,3,Cyberkongz
0xa2548e7ad6cee01eeb19d49bedb359aea3d8ad1d,0xcb114805b901f7a9c38d5675272ef26459a7d805,4,Cyberkongz
0xa2548e7ad6cee01eeb19d49bedb359aea3d8ad1d,0xcc47fcbfdd6e558fb39cf5ef4d92e59890476b86,8,Cyberkongz
0xa2548e7ad6cee01eeb19d49bedb359aea3d8ad1d,0xcd07cc93ddd79d0946f9bb3157fe0b5991a227f3,6,Cyberkongz
0xa2548e7ad6cee01eeb19d49bedb359aea3d8ad1d,0xcddee772926d631cadd0aa8f8033421c4fe55f10,3,Cyberkongz
0xa2548e7ad6cee01eeb19d49bedb359aea3d8ad1d,0xd03c8ad4bebd854a36010b864520efa0e4c700ee,2,Cyberkongz
0xa2548e7ad6cee01eeb19d49bedb359aea3d8ad1d,0xd0c5b14684371d5878f413dfeb68e959394b54a3,3,Cyberkongz
0xa2548e7ad6cee01eeb19d49bedb359aea3d8ad1d,0xd14061a262af779bc869de01f66389a2734973f4,4,Cyberkongz
0xa2548e7ad6cee01eeb19d49bedb359aea3d8ad1d,0xd28fde3707332972db5befbe77d5bfa3d515c929,8,Cyberkongz
0xa2548e7ad6cee01eeb19d49bedb359aea3d8ad1d,0xd2ff1de9b6f7bb7d6daab189337757c9969dcf9e,1,Cyberkongz
0xa2548e7ad6cee01eeb19d49bedb359aea3d8ad1d,0xd43afa0c3184635fa1a5fd7e9727731c5df6dcde,2,Cyberkongz
0xa2548e7ad6cee01eeb19d49bedb359aea3d8ad1d,0xd543a0be0684f0556786586b83f4c9fd16a4dc35,12,Cyberkongz
0xa2548e7ad6cee01eeb19d49bedb359aea3d8ad1d,0xd6296da4015404757f5d3c8abe4c6946302df3ef,4,Cyberkongz
0xa2548e7ad6cee01eeb19d49bedb359aea3d8ad1d,0xd6ff7c6b0e429ab3b078d935e6c14ba8a39b16ed,1,Cyberkongz
0xa2548e7ad6cee01eeb19d49bedb359aea3d8ad1d,0xd74261e1576d05c62a1388951db1fe59ea789638,8,Cyberkongz
0xa2548e7ad6cee01eeb19d49bedb359aea3d8ad1d,0xd78901d07221edc5f7af21ad59a392a50e406d52,15,Cyberkongz
0xa2548e7ad6cee01eeb19d49bedb359aea3d8ad1d,0xda180016c73ede7bd26827803c15c5620ae9e8ce,1,Cyberkongz
0xa2548e7ad6cee01eeb19d49bedb359aea3d8ad1d,0xdebfc8c83deea6a17fb55ba4d603f6dd82e35440,8,Cyberkongz
0xa2548e7ad6cee01eeb19d49bedb359aea3d8ad1d,0xdf0692e287a763e5c011cc96ee402994c6dd246e,1,Cyberkongz
0xa2548e7ad6cee01eeb19d49bedb359aea3d8ad1d,0xe0f94903b58dfb0afb14109fac17e2c41ed78f47,7,Cyberkongz
0xa2548e7ad6cee01eeb19d49bedb359aea3d8ad1d,0xe18979f2576856d4199c6abaf4ffdf5672d930bd,3,Cyberkongz
0xa2548e7ad6cee01eeb19d49bedb359aea3d8ad1d,0xe3ace06ffa96f25fd652d068cd133cbb6b1869eb,5,Cyberkongz
0xa2548e7ad6cee01eeb19d49bedb359aea3d8ad1d,0xe4160a3bef14dfdc0cf49d9dcecd16ffe441de91,2,Cyberkongz
0xa2548e7ad6cee01eeb19d49bedb359aea3d8ad1d,0xe46df87d3fc3c68c71b9adfcecb6479e285021d9,2,Cyberkongz
0xa2548e7ad6cee01eeb19d49bedb359aea3d8ad1d,0xe72eb31b59f85b19499a0f3b3260011894fa0d65,1,Cyberkongz
0xa2548e7ad6cee01eeb19d49bedb359aea3d8ad1d,0xeabdf7d6adab860a0fc332352c83ecabd304d176,3,Cyberkongz
0xa2548e7ad6cee01eeb19d49bedb359aea3d8ad1d,0xed862d9000356cedfdea4650666312d04cc30a46,3,Cyberkongz
0xa2548e7ad6cee01eeb19d49bedb359aea3d8ad1d,0xedd831ece7c9eaffa7a6c5e1c31e6a644661f3a3,15,Cyberkongz
0xa2548e7ad6cee01eeb19d49bedb359aea3d8ad1d,0xf29a46a23ff3d374018fc0a37018774499507481,2,Cyberkongz
0xa2548e7ad6cee01eeb19d49bedb359aea3d8ad1d,0xf40b3d16ae26262db9b19e0ec80d8a490c40bdcb,3,Cyberkongz
0xa2548e7ad6cee01eeb19d49bedb359aea3d8ad1d,0xf521bb7437bec77b0b15286dc3f49a87b9946773,1,Cyberkongz
0xa2548e7ad6cee01eeb19d49bedb359aea3d8ad1d,0xf5a665edc43ecbe328f761bb1233f8439cf892c0,1,Cyberkongz
0xa2548e7ad6cee01eeb19d49bedb359aea3d8ad1d,0xf8040a6f2c160ce941ecd7bdb4c304fe26a19c9a,13,Cyberkongz
0xa2548e7ad6cee01eeb19d49bedb359aea3d8ad1d,0xf9606bb98fc76bf45eb6993450ca2fc59b7889ac,24,Cyberkongz
0xa2548e7ad6cee01eeb19d49bedb359aea3d8ad1d,0xf983557ec70fbf1a4b1e247af7bf10247e9b69c4,13,Cyberkongz
0xa2548e7ad6cee01eeb19d49bedb359aea3d8ad1d,0xf9b7850ee758ca9878a052aeed04f24a50531ea1,6,Cyberkongz
0xa2548e7ad6cee01eeb19d49bedb359aea3d8ad1d,0xfa6023f9c140c6ec5c78d19b91d4bdece8de107d,2,Cyberkongz
0xa2548e7ad6cee01eeb19d49bedb359aea3d8ad1d,0xfb49cf9dcd66b287f9004c556bb2f1a30b03b62b,3,Cyberkongz
0xa2548e7ad6cee01eeb19d49bedb359aea3d8ad1d,0xfe44ed35c5900dbdb70e4b91eaed92b6f339c8b0,6,Cyberkongz
0xa2548e7ad6cee01eeb19d49bedb359aea3d8ad1d,0xfeaa535d0c6f25c120709238f665eceae0772527,1,Cyberkongz
0xa2548e7ad6cee01eeb19d49bedb359aea3d8ad1d,0xfeae8ec4afee29c939ca62749e2e6329c27d48ce,4,Cyberkongz
0xa2548e7ad6cee01eeb19d49bedb359aea3d8ad1d,0xfef1b2dc9f48dcc68bf69020a563118e1563ab9a,1,Cyberkongz
0xa2df601d3ca31b8484d8b862ae61eefc91c3dd2f,0xc37cd5e34ef273f6aefe6900fc9d75563cdcfe03,1,Cyberkongz
0xa5f123d4cbbe75646bc3d22486e611687ffcc842,0xab10fb5ea07506b8d3236e25ff5dc60400900da8,1,Cyberkongz
0xa683c1b815997a7fa38f6178c84675fc4c79ac2b,0xa81eac3009bd6e6cce36602d6851fda789ddc3bb,1,Cyberkongz
0xa683c1b815997a7fa38f6178c84675fc4c79ac2b,0xb32e083709588a1b3fa9c115c48051e61cbeba0a,1,Cyberkongz
0xa683c1b815997a7fa38f6178c84675fc4c79ac2b,0xb34860f27167ed8110991e04e3e7177a58c74401,1,Cyberkongz
0xa683c1b815997a7fa38f6178c84675fc4c79ac2b,0xc11192ba53a1bb8e5a1782351167650576746267,1,Cyberkongz
0xa683c1b815997a7fa38f6178c84675fc4c79ac2b,0xc8a974a97f6a7f57b6ce09aed5905d5547039f11,1,Cyberkongz
0xa683c1b815997a7fa38f6178c84675fc4c79ac2b,0xcd07cc93ddd79d0946f9bb3157fe0b5991a227f3,1,Cyberkongz
0xa7e0e9e90e0ddc5dccc94b01818d537cdb30a52a,0xb75e6a898f4d7dd32efea8d27094432b0f90618d,1,Cyberkongz
0xa81eac3009bd6e6cce36602d6851fda789ddc3bb,0xb3f0ff36744c1d1b662e51280887fb2f8bce39f2,1,Cyberkongz
0xa81eac3009bd6e6cce36602d6851fda789ddc3bb,0xbc4c9e1905e9fc4090877a779d267cd521980c37,1,Cyberkongz
0xa81eac3009bd6e6cce36602d6851fda789ddc3bb,0xd28fde3707332972db5befbe77d5bfa3d515c929,1,Cyberkongz
0xa81eac3009bd6e6cce36602d6851fda789ddc3bb,0xedd831ece7c9eaffa7a6c5e1c31e6a644661f3a3,1,Cyberkongz
0xaa6f1c0238215de035a662029024136b38ea633f,0xfa6c54de608c9a0a2c2a3220bb7e42b95d1b910b,1,Cyberkongz
0xaa73a811a4898ca0e116376be752b3960d554021,0xb273b47a788aa305c5c65fa6b56159a4d306d788,1,Cyberkongz
0xaa73a811a4898ca0e116376be752b3960d554021,0xb75e6a898f4d7dd32efea8d27094432b0f90618d,1,Cyberkongz
0xab10fb5ea07506b8d3236e25ff5dc60400900da8,0xb75e6a898f4d7dd32efea8d27094432b0f90618d,1,Cyberkongz
0xab10fb5ea07506b8d3236e25ff5dc60400900da8,0xec07b8811985c97af80a0300abef94567731ce47,1,Cyberkongz
0xab10fb5ea07506b8d3236e25ff5dc60400900da8,0xfa6c54de608c9a0a2c2a3220bb7e42b95d1b910b,1,Cyberkongz
0xac78211b7ed990f6fb1e3461de8f6a5ec0e5b322,0xb778eef11586b90df8aaa0649174a956477931e2,1,Cyberkongz
0xae89ad222e67205e8d947f131fdc9fa139828745,0xbc9ca5bd0f07700929f8d538233b0a9e60f4ddc5,1,Cyberkongz
0xafe7309fd01a5e6d5a258e911461ecb9558fbfdf,0xb02690b16fd8696ef13a63e3272404b3ea12d00e,1,Cyberkongz
0xb02690b16fd8696ef13a63e3272404b3ea12d00e,0xb43623daedf0d03a23646b3fd145f1eb842f1a2b,1,Cyberkongz
0xb30abebc5937d286dabc25a3e28cc3547a1a50af,0xcaf6fd54fb74c95b28f5e94952ca21b46e4071cc,1,Cyberkongz
0xb32e083709588a1b3fa9c115c48051e61cbeba0a,0xb43623daedf0d03a23646b3fd145f1eb842f1a2b,1,Cyberkongz
0xb32e083709588a1b3fa9c115c48051e61cbeba0a,0xb6685d3849f2932c89c030f49e1bd8a994589b1d,1,Cyberkongz
0xb32e083709588a1b3fa9c115c48051e61cbeba0a,0xb75e6a898f4d7dd32efea8d27094432b0f90618d,1,Cyberkongz
0xb32e083709588a1b3fa9c115c48051e61cbeba0a,0xb778eef11586b90df8aaa0649174a956477931e2,1,Cyberkongz
0xb32e083709588a1b3fa9c115c48051e61cbeba0a,0xc37cd5e34ef273f6aefe6900fc9d75563cdcfe03,2,Cyberkongz
0xb32e083709588a1b3fa9c115c48051e61cbeba0a,0xc8847457af2aacb99955d376b2359bbeb769dabf,1,Cyberkongz
0xb32e083709588a1b3fa9c115c48051e61cbeba0a,0xcd07cc93ddd79d0946f9bb3157fe0b5991a227f3,1,Cyberkongz
0xb32e083709588a1b3fa9c115c48051e61cbeba0a,0xd14061a262af779bc869de01f66389a2734973f4,1,Cyberkongz
0xb32e083709588a1b3fa9c115c48051e61cbeba0a,0xe0f94903b58dfb0afb14109fac17e2c41ed78f47,1,Cyberkongz
0xb32e083709588a1b3fa9c115c48051e61cbeba0a,0xe72eb31b59f85b19499a0f3b3260011894fa0d65,1,Cyberkongz
0xb32e083709588a1b3fa9c115c48051e61cbeba0a,0xf86a588f3604e3b12899f710e3d572f76ffb94b8,1,Cyberkongz
0xb43623daedf0d03a23646b3fd145f1eb842f1a2b,0xbace1e5f9cb38f56fa8b096e3fe940d9c34d189d,1,Cyberkongz
0xb43623daedf0d03a23646b3fd145f1eb842f1a2b,0xe72eb31b59f85b19499a0f3b3260011894fa0d65,1,Cyberkongz
0xb43623daedf0d03a23646b3fd145f1eb842f1a2b,0xf9606bb98fc76bf45eb6993450ca2fc59b7889ac,1,Cyberkongz
0xb4a90135a4d412cbf08a328b96a13ada3e07b7eb,0xb823dc506011eedab6f8feecc88806dbfc55ea93,1,Cyberkongz
0xb4a90135a4d412cbf08a328b96a13ada3e07b7eb,0xc5b46513ea71294ba740e115f88b697c26d25c8b,1,Cyberkongz
0xb4a90135a4d412cbf08a328b96a13ada3e07b7eb,0xc5f70b3f98293a2def729984243b6e6e2ecc8919,1,Cyberkongz
0xb4a90135a4d412cbf08a328b96a13ada3e07b7eb,0xc8847457af2aacb99955d376b2359bbeb769dabf,1,Cyberkongz
0xb4a90135a4d412cbf08a328b96a13ada3e07b7eb,0xcb114805b901f7a9c38d5675272ef26459a7d805,1,Cyberkongz
0xb4a90135a4d412cbf08a328b96a13ada3e07b7eb,0xd14061a262af779bc869de01f66389a2734973f4,1,Cyberkongz
0xb4a90135a4d412cbf08a328b96a13ada3e07b7eb,0xf946d2068a549b3225cf188339010a8383dea5f1,1,Cyberkongz
0xb4a90135a4d412cbf08a328b96a13ada3e07b7eb,0xf983557ec70fbf1a4b1e247af7bf10247e9b69c4,1,Cyberkongz
0xb53349160e38739b37e4bbfcf950ed26e26fcb41,0xbc9ca5bd0f07700929f8d538233b0a9e60f4ddc5,1,Cyberkongz
0xb539d68ce93a81e83886d71bf1bfe4e9d90f85e2,0xe0f94903b58dfb0afb14109fac17e2c41ed78f47,1,Cyberkongz
0xb539d68ce93a81e83886d71bf1bfe4e9d90f85e2,0xfeaa535d0c6f25c120709238f665eceae0772527,1,Cyberkongz
0xb565d528f1dd07db0bb07fca2e7a5af29aa90847,0xdebfc8c83deea6a17fb55ba4d603f6dd82e35440,1,Cyberkongz
0xb6681a3bd6ee4c7f75958e0676e50f6af790628a,0xbf3e23afd790e34a39d2e5b465f57e0ed74b3b9a,1,Cyberkongz
0xb6681a3bd6ee4c7f75958e0676e50f6af790628a,0xc20d8a5bd4c90c86f435ebaf9b3f20628c139d2e,1,Cyberkongz
0xb6681a3bd6ee4c7f75958e0676e50f6af790628a,0xc8a974a97f6a7f57b6ce09aed5905d5547039f11,1,Cyberkongz
0xb6681a3bd6ee4c7f75958e0676e50f6af790628a,0xfeae8ec4afee29c939ca62749e2e6329c27d48ce,1,Cyberkongz
0xb75e6a898f4d7dd32efea8d27094432b0f90618d,0xc262ec695739250fb787479fcb69812ab4130900,1,Cyberkongz
0xb75e6a898f4d7dd32efea8d27094432b0f90618d,0xc33686b33197fc69a19c724292d47c6c18c5c0bf,1,Cyberkongz
0xb75e6a898f4d7dd32efea8d27094432b0f90618d,0xc36751c53cf2db5e233c8eb5fba3002ae795f7dd,1,Cyberkongz
0xb75e6a898f4d7dd32efea8d27094432b0f90618d,0xd03c8ad4bebd854a36010b864520efa0e4c700ee,1,Cyberkongz
0xb75e6a898f4d7dd32efea8d27094432b0f90618d,0xd14061a262af779bc869de01f66389a2734973f4,1,Cyberkongz
0xb75e6a898f4d7dd32efea8d27094432b0f90618d,0xd19440c61a5936368c8213d4846b6ae98d2c346e,1,Cyberkongz
0xb75e6a898f4d7dd32efea8d27094432b0f90618d,0xe794fde22aac93e0071483bc814d73655d42bba3,2,Cyberkongz
0xb765b07aa73c4a59db816bc1a821411077052b29,0xc37cd5e34ef273f6aefe6900fc9d75563cdcfe03,1,Cyberkongz
0xb765b07aa73c4a59db816bc1a821411077052b29,0xd28fde3707332972db5befbe77d5bfa3d515c929,1,Cyberkongz
0xb7d9945166e3da89ee4c0947230753d656d116a5,0xb810d1238dc5e5d664ebc5d19b0fd2c28d42968d,1,Cyberkongz
0xb8929ebc583c6be5e4fcbf4c49bac722fed3e39c,0xc37cd5e34ef273f6aefe6900fc9d75563cdcfe03,1,Cyberkongz
0xb8929ebc583c6be5e4fcbf4c49bac722fed3e39c,0xe72eb31b59f85b19499a0f3b3260011894fa0d65,1,Cyberkongz
0xb908327da7eae1b0e2a9b9737c7b3dfe4769154e,0xc37cd5e34ef273f6aefe6900fc9d75563cdcfe03,1,Cyberkongz
0xb9b6856efd128294a912d584366448bc3d4ea979,0xd28fde3707332972db5befbe77d5bfa3d515c929,1,Cyberkongz
0xbace1e5f9cb38f56fa8b096e3fe940d9c34d189d,0xc37cd5e34ef273f6aefe6900fc9d75563cdcfe03,1,Cyberkongz
0xbace1e5f9cb38f56fa8b096e3fe940d9c34d189d,0xe9a788dacd3de5cf4bee7ec2fb3cd36110825464,1,Cyberkongz
0xbb403d793dda52f8512950953771b7c341086120,0xc37cd5e34ef273f6aefe6900fc9d75563cdcfe03,1,Cyberkongz
0xbc4c9e1905e9fc4090877a779d267cd521980c37,0xedfed1e5e115b19861ee0525d99ca9f2f174ceed,1,Cyberkongz
0xbc6612b9818f1ee26ba9ce94b01fd6567ab4e619,0xe77aa37e6c61f2d526c0a4f3ebc0ac40e11bf490,1,Cyberkongz
0xbc7de2b767fa97ea9d5ebc05a8d0c8557dcabd7b,0xc5b46513ea71294ba740e115f88b697c26d25c8b,1,Cyberkongz
0xbc7de2b767fa97ea9d5ebc05a8d0c8557dcabd7b,0xf983557ec70fbf1a4b1e247af7bf10247e9b69c4,1,Cyberkongz
0xbc9ca5bd0f07700929f8d538233b0a9e60f4ddc5,0xe794fde22aac93e0071483bc814d73655d42bba3,1,Cyberkongz
0xbc9ca5bd0f07700929f8d538233b0a9e60f4ddc5,0xfa6c54de608c9a0a2c2a3220bb7e42b95d1b910b,1,Cyberkongz
0xbea91e555f85e6092aced53eae6aabf0668ea6a7,0xd0c5b14684371d5878f413dfeb68e959394b54a3,1,Cyberkongz
0xbff231712560ae7a8773a3969f247ba85359664d,0xd28fde3707332972db5befbe77d5bfa3d515c929,1,Cyberkongz
0xc1aa21571738dee9c10eb4902e64bc1beafdc81c,0xe579cb4431b92f64a6e02fa4ca9e5091049b8392,1,Cyberkongz
0xc24f574d6853f6f6a31c19d468a8c1b3f31c0e54,0xd78901d07221edc5f7af21ad59a392a50e406d52,1,Cyberkongz
0xc33a19c47d3b1c7359637f983e4cc136679e0e80,0xc37cd5e34ef273f6aefe6900fc9d75563cdcfe03,1,Cyberkongz
0xc36751c53cf2db5e233c8eb5fba3002ae795f7dd,0xc9bd470a494e002aecbbbf73ca5bd8a2807f296b,1,Cyberkongz
0xc37cd5e34ef273f6aefe6900fc9d75563cdcfe03,0xd28fde3707332972db5befbe77d5bfa3d515c929,2,Cyberkongz
0xc37cd5e34ef273f6aefe6900fc9d75563cdcfe03,0xd71a41ec000089ae99873afb4d15cc7d54dd95bc,1,Cyberkongz
0xc37cd5e34ef273f6aefe6900fc9d75563cdcfe03,0xe0f94903b58dfb0afb14109fac17e2c41ed78f47,2,Cyberkongz
0xc37cd5e34ef273f6aefe6900fc9d75563cdcfe03,0xe72eb31b59f85b19499a0f3b3260011894fa0d65,2,Cyberkongz
0xc37cd5e34ef273f6aefe6900fc9d75563cdcfe03,0xe9822f18f2654e606a8dff9d75edd98367e7c0ae,2,Cyberkongz
0xc37cd5e34ef273f6aefe6900fc9d75563cdcfe03,0xedd831ece7c9eaffa7a6c5e1c31e6a644661f3a3,3,Cyberkongz
0xc37cd5e34ef273f6aefe6900fc9d75563cdcfe03,0xf8040a6f2c160ce941ecd7bdb4c304fe26a19c9a,2,Cyberkongz
0xc37cd5e34ef273f6aefe6900fc9d75563cdcfe03,0xf946d2068a549b3225cf188339010a8383dea5f1,1,Cyberkongz
0xc46db2d89327d4c41eb81c43ed5e3dff111f9a8f,0xda6ad74619e62503c4cbefbe02ae05c8f4314591,1,Cyberkongz
0xc542492296d3537eb3fd16fd775bdf7ab8721c7c,0xf983557ec70fbf1a4b1e247af7bf10247e9b69c4,1,Cyberkongz
0xc8847457af2aacb99955d376b2359bbeb769dabf,0xd71a41ec000089ae99873afb4d15cc7d54dd95bc,1,Cyberkongz
0xc8847457af2aacb99955d376b2359bbeb769dabf,0xec693e2f81eb02bc9a9a6b2c7edaaa3734b4ffdc,1,Cyberkongz
0xc8a974a97f6a7f57b6ce09aed5905d5547039f11,0xcc47fcbfdd6e558fb39cf5ef4d92e59890476b86,1,Cyberkongz
0xca11d10ceb098f597a0cab28117fc3465991a63c,0xf8040a6f2c160ce941ecd7bdb4c304fe26a19c9a,1,Cyberkongz
0xca8c27d432f61b3bdeaae160d25da85560087c94,0xcc47fcbfdd6e558fb39cf5ef4d92e59890476b86,1,Cyberkongz
0xcaf6fd54fb74c95b28f5e94952ca21b46e4071cc,0xd6296da4015404757f5d3c8abe4c6946302df3ef,1,Cyberkongz
0xcaf6fd54fb74c95b28f5e94952ca21b46e4071cc,0xe38171c839d3ff70147829d843ee8f9794bc2299,1,Cyberkongz
0xcaf6fd54fb74c95b28f5e94952ca21b46e4071cc,0xe436cbd3892c6dc3d6c8a3580153e6e0fa613cfc,1,Cyberkongz
0xcb114805b901f7a9c38d5675272ef26459a7d805,0xfa6c54de608c9a0a2c2a3220bb7e42b95d1b910b,1,Cyberkongz
0xcb832de0c1f2501fbd19ee48f801d3d729fd4d04,0xe0f94903b58dfb0afb14109fac17e2c41ed78f47,1,Cyberkongz
0xcc47fcbfdd6e558fb39cf5ef4d92e59890476b86,0xf8040a6f2c160ce941ecd7bdb4c304fe26a19c9a,1,Cyberkongz
0xcd07cc93ddd79d0946f9bb3157fe0b5991a227f3,0xdaef5bd71a343ebc6eece4ad6081081774d9d556,2,Cyberkongz
0xd0c5b14684371d5878f413dfeb68e959394b54a3,0xfa6c54de608c9a0a2c2a3220bb7e42b95d1b910b,1,Cyberkongz
0xd19440c61a5936368c8213d4846b6ae98d2c346e,0xd78901d07221edc5f7af21ad59a392a50e406d52,1,Cyberkongz
0xd28fde3707332972db5befbe77d5bfa3d515c929,0xfd6ef076cfc517b630afa02d26f44378b4a10cba,1,Cyberkongz
0xd71a41ec000089ae99873afb4d15cc7d54dd95bc,0xde76254023dc9edb1d9d89dc75798b4ca0ccc4db,1,Cyberkongz
0xd78901d07221edc5f7af21ad59a392a50e406d52,0xdfc70f5205a2bc1bd44219fd852d720d7a36c5b8,1,Cyberkongz
0xd78901d07221edc5f7af21ad59a392a50e406d52,0xf8040a6f2c160ce941ecd7bdb4c304fe26a19c9a,2,Cyberkongz
0xd83410edf02ee6c9f801fc81fdc89f712f84a81e,0xed862d9000356cedfdea4650666312d04cc30a46,1,Cyberkongz
0xda180016c73ede7bd26827803c15c5620ae9e8ce,0xdfc70f5205a2bc1bd44219fd852d720d7a36c5b8,1,Cyberkongz
0xda4fcb096218f0a7d36d00623076a86153dce8ba,0xf983557ec70fbf1a4b1e247af7bf10247e9b69c4,1,Cyberkongz
0xda6ad74619e62503c4cbefbe02ae05c8f4314591,0xdfc70f5205a2bc1bd44219fd852d720d7a36c5b8,1,Cyberkongz
0xde76254023dc9edb1d9d89dc75798b4ca0ccc4db,0xf983557ec70fbf1a4b1e247af7bf10247e9b69c4,1,Cyberkongz
0xdf0692e287a763e5c011cc96ee402994c6dd246e,0xf983557ec70fbf1a4b1e247af7bf10247e9b69c4,1,Cyberkongz
0xdf345e11427c8f97517515956e080fe4a6d7ab9c,0xe4160a3bef14dfdc0cf49d9dcecd16ffe441de91,1,Cyberkongz
0xdfc70f5205a2bc1bd44219fd852d720d7a36c5b8,0xf6a656cd8068e8f670fd5f54bb866d0c47c8b7e1,1,Cyberkongz
0xe0f94903b58dfb0afb14109fac17e2c41ed78f47,0xe72eb31b59f85b19499a0f3b3260011894fa0d65,1,Cyberkongz
0xe18979f2576856d4199c6abaf4ffdf5672d930bd,0xe9822f18f2654e606a8dff9d75edd98367e7c0ae,1,Cyberkongz
0xe38171c839d3ff70147829d843ee8f9794bc2299,0xf8040a6f2c160ce941ecd7bdb4c304fe26a19c9a,1,Cyberkongz
0xe46df87d3fc3c68c71b9adfcecb6479e285021d9,0xe9822f18f2654e606a8dff9d75edd98367e7c0ae,1,Cyberkongz
0xe72eb31b59f85b19499a0f3b3260011894fa0d65,0xf8040a6f2c160ce941ecd7bdb4c304fe26a19c9a,1,Cyberkongz
0xf983557ec70fbf1a4b1e247af7bf10247e9b69c4,0xfa6c54de608c9a0a2c2a3220bb7e42b95d1b910b,1,Cyberkongz
